date,open,high,low,close,volume,pct_change,target,symbol,MA5,MA10,MA20,Volatility,RSI,lag_close_1,lag_pct_1
26-12-2007,0.034934092,0.035979713,0.035105177,0.036245008,0.003049581,0.037257953,1.0,ADANIPORTS,0.033847146,0.033383335,0.032424469,0.004246156,0.660748707,1156.8,0.091114884
27-12-2007,0.036132004,0.036756523,0.036830398,0.036602664,0.002031959,0.009792483,1.0,ADANIPORTS,0.03468673,0.033888795,0.032813209,0.004934569,0.639344262,1199.9,0.037257953
28-12-2007,0.035365341,0.03777235,0.03593698,0.037742597,0.002419943,0.030908266,1.0,ADANIPORTS,0.035805766,0.034543119,0.033368306,0.005563973,0.667833567,1211.65,0.009792483
31-12-2007,0.037579979,0.038399773,0.038586427,0.038342242,0.001532548,0.015771355,1.0,ADANIPORTS,0.037086945,0.034971065,0.033969348,0.006522122,0.666900702,1249.1,0.030908266
01-01-2008,0.038048662,0.039116828,0.038669608,0.03919605,0.001021382,0.022107503,1.0,ADANIPORTS,0.037947104,0.03554541,0.034555856,0.007421827,0.721649485,1268.8,0.015771355
02-01-2008,0.03898453,0.039266214,0.038863695,0.039518702,0.001463047,0.008173652,1.0,ADANIPORTS,0.038607654,0.036356612,0.035084307,0.007415862,0.769278607,1296.85,0.022107503
03-01-2008,0.038827305,0.038988355,0.038591049,0.038555313,0.001049882,-0.024207427,0.0,ADANIPORTS,0.039001651,0.036975647,0.035450543,0.006966414,0.737480127,1307.45,0.008173652
04-01-2008,0.038042673,0.038393797,0.037723817,0.037476258,0.001144957,-0.027786487,0.0,ADANIPORTS,0.03894791,0.037510232,0.035697305,0.005788718,0.623905724,1275.8,-0.024207427
07-01-2008,0.036880699,0.037918749,0.037169281,0.037077509,0.001311606,-0.010561535,0.0,ADANIPORTS,0.038692718,0.038025093,0.035925391,0.003605129,0.632927246,1240.35,-0.027786487
08-01-2008,0.036880699,0.037204682,0.036245055,0.036394158,0.001102767,-0.018292931,0.0,ADANIPORTS,0.038127366,0.038173033,0.036085419,0.002967053,0.703047932,1227.25,-0.010561535
09-01-2008,0.035682787,0.035860204,0.035197599,0.035646886,0.001304422,-0.020376826,0.0,ADANIPORTS,0.037346129,0.03811247,0.036249276,0.003211305,0.635277492,1204.8,-0.018292931
10-01-2008,0.03523357,0.035555456,0.033934491,0.033860128,0.000912161,-0.049735226,0.0,ADANIPORTS,0.036398756,0.037834775,0.036364764,0.004405956,0.562123451,1180.25,-0.020376826
11-01-2008,0.033526546,0.033470022,0.032486537,0.032773462,0.001282452,-0.031830948,0.0,ADANIPORTS,0.035449848,0.037331626,0.036441418,0.005738611,0.527354164,1121.55,-0.049735226
14-01-2008,0.032160927,0.032047863,0.031503777,0.031230215,0.001737652,-0.046691532,0.0,ADANIPORTS,0.034270009,0.0366115,0.036293268,0.007135726,0.356188675,1085.85,-0.031830948
15-01-2008,0.031058849,0.031937317,0.031656274,0.031668534,0.001726379,0.013911027,1.0,ADANIPORTS,0.033316495,0.035849303,0.036198017,0.007409355,0.309321497,1035.15,-0.046691532
16-01-2008,0.031070828,0.031498121,0.030545663,0.03108563,0.001696642,-0.018245915,0.0,ADANIPORTS,0.032396146,0.034995414,0.036176372,0.00715405,0.274368231,1049.55,0.013911027
17-01-2008,0.031190619,0.03118441,0.030884546,0.030796462,0.000698459,-0.00921972,0.0,ADANIPORTS,0.031777974,0.034209793,0.036091904,0.006759799,0.194674873,1030.4,-0.018245915
18-01-2008,0.029992708,0.03173714,0.029772394,0.029995921,0.001407002,-0.025761583,0.0,ADANIPORTS,0.031217535,0.033452373,0.035978916,0.006506729,0.139495135,1020.9,-0.00921972
21-01-2008,0.029543491,0.029735362,0.024251685,0.024835022,0.001639342,-0.170470541,0.0,ADANIPORTS,0.029927143,0.032212763,0.03561143,0.00828984,0.047911077,994.6,-0.025761583
22-01-2008,0.020708894,0.023909293,0.020072644,0.022110749,0.001135325,-0.108478274,0.0,ADANIPORTS,0.027998618,0.0307665,0.034953113,0.010360313,0.023972033,825.05,-0.170470541
23-01-2008,0.022505761,0.026057469,0.023151856,0.025807542,0.001113084,0.16511454,1.0,ADANIPORTS,0.02693363,0.029770219,0.034417238,0.009779439,0.196741492,735.55,-0.108478274
24-01-2008,0.025949757,0.027643952,0.024753848,0.024503239,0.001062269,-0.05,0.0,ADANIPORTS,0.025663813,0.028822789,0.033796036,0.009616123,0.194655395,857.0,0.16511454
25-01-2008,0.024302628,0.026090334,0.025000308,0.026072359,0.000839901,0.06331757,1.0,ADANIPORTS,0.024872135,0.028144271,0.033196869,0.008946659,0.25449854,814.15,-0.05
28-01-2008,0.024751845,0.024656225,0.023866591,0.024705657,0.000970877,-0.051865542,0.0,ADANIPORTS,0.024846033,0.027483628,0.032496748,0.00868687,0.246968898,865.7,0.06331757
29-01-2008,0.024901584,0.025403157,0.025001848,0.025312911,0.000457464,0.024305556,1.0,ADANIPORTS,0.02549215,0.026840091,0.031783967,0.007761005,0.274927075,820.8,-0.051865542
30-01-2008,0.025195072,0.025522666,0.025069625,0.024999391,0.00059491,-0.012250966,0.0,ADANIPORTS,0.025329085,0.02622383,0.031038525,0.006641896,0.293780108,840.75,0.024305556
31-01-2008,0.024632054,0.025101396,0.024770792,0.025218551,0.000403894,0.008669998,1.0,ADANIPORTS,0.025473418,0.02565904,0.030353797,0.004990585,0.316772479,830.45,-0.012250966
01-02-2008,0.02465152,0.025173101,0.025000308,0.024844153,0.000424871,-0.014683937,0.0,ADANIPORTS,0.025225596,0.025137399,0.029705246,0.002748035,0.335811551,837.65,0.008669998
04-02-2008,0.025138172,0.025773635,0.025616459,0.025780147,0.000582521,0.037256921,1.0,ADANIPORTS,0.025442401,0.025233097,0.029125224,0.002850721,0.352384586,825.35,-0.014683937
05-02-2008,0.025380749,0.025313525,0.025308383,0.025116581,0.000336944,-0.025464315,0.0,ADANIPORTS,0.025402787,0.025537452,0.028546217,0.001308209,0.350965192,856.1,0.037256921
06-02-2008,0.023793516,0.024354464,0.023768007,0.024300821,0.000401732,-0.032122738,0.0,ADANIPORTS,0.025261833,0.025384889,0.027963693,0.001394238,0.341972749,834.3,-0.025464315
07-02-2008,0.024452367,0.024506838,0.024137697,0.023958384,0.000442626,-0.013931889,0.0,ADANIPORTS,0.025007562,0.02532972,0.027455324,0.001611511,0.349768992,807.5,-0.032122738
08-02-2008,0.024003151,0.024506838,0.023310515,0.023587031,0.000592489,-0.015321821,0.0,ADANIPORTS,0.024753906,0.025078069,0.026983679,0.001695301,0.459228321,796.25,-0.013931889
11-02-2008,0.023254456,0.023162361,0.021149367,0.021369564,0.00046554,-0.092914993,0.0,ADANIPORTS,0.023863959,0.024740274,0.026477419,0.003241652,0.474956289,784.05,-0.015321821
12-02-2008,0.021457589,0.021667003,0.019935551,0.020459443,0.000630704,-0.04204162,0.0,ADANIPORTS,0.022924264,0.024248837,0.025901928,0.004450149,0.277369488,711.2,-0.092914993
13-02-2008,0.024179842,0.024085569,0.020194334,0.020144402,0.000446717,-0.015191546,0.0,ADANIPORTS,0.022085601,0.023757246,0.02534019,0.005281885,0.302264568,681.3,-0.04204162
14-02-2008,0.020109938,0.021041074,0.020687254,0.021326949,0.000559243,0.057902973,1.0,ADANIPORTS,0.021554643,0.023363203,0.024854012,0.005287538,0.276903263,670.95,-0.015191546
15-02-2008,0.020708894,0.022525975,0.020725764,0.021903765,0.000733893,0.026697661,1.0,ADANIPORTS,0.021215001,0.023065474,0.024438549,0.005110128,0.357705982,709.8,0.057902973
18-02-2008,0.021757067,0.022863588,0.022381668,0.023208068,0.000712131,0.058799314,1.0,ADANIPORTS,0.021585966,0.022805039,0.024355019,0.004391998,0.400173235,728.75,0.026697661
19-02-2008,0.023074769,0.023219127,0.023158018,0.022973689,0.000285639,-0.009979264,0.0,ADANIPORTS,0.022093279,0.022588061,0.024399323,0.003777342,0.4032,771.6,0.058799314
20-02-2008,0.022206283,0.022415429,0.021919555,0.022005735,0.000410524,-0.041628485,0.0,ADANIPORTS,0.02246885,0.022355673,0.024204133,0.003334977,0.35672594,763.9,-0.009979264
21-02-2008,0.022565657,0.022475183,0.022230711,0.022173148,0.000260997,0.007512635,1.0,ADANIPORTS,0.022639592,0.022174909,0.024084503,0.002893685,0.37864749,732.1,-0.041628485
22-02-2008,0.021397693,0.021728251,0.021765518,0.02175918,0.000168518,-0.018438178,0.0,ADANIPORTS,0.022610418,0.02198983,0.023863058,0.002474218,0.308217189,737.6,0.007512635
25-02-2008,0.021459086,0.022382564,0.021374262,0.021261506,0.000317633,-0.022582873,0.0,ADANIPORTS,0.02221765,0.021978889,0.02368623,0.002487214,0.313173034,724.0,-0.018438178
26-02-2008,0.021457589,0.021937392,0.021703903,0.022118358,0.000522319,0.039779552,1.0,ADANIPORTS,0.022045065,0.022146862,0.023522217,0.002223918,0.394651778,707.65,-0.022582873
27-02-2008,0.022197299,0.023114557,0.022566513,0.02244101,0.000634677,0.014406089,1.0,ADANIPORTS,0.022132893,0.022379405,0.023390867,0.001607317,0.426615634,735.8,0.039779552
28-02-2008,0.021906805,0.022263055,0.022075133,0.022177714,0.000233834,-0.01158896,0.0,ADANIPORTS,0.022133814,0.022465549,0.023234746,0.001442694,0.43112169,746.4,0.014406089
29-02-2008,0.02184691,0.022445306,0.022085916,0.022113792,0.000423792,-0.002846493,0.0,ADANIPORTS,0.022205366,0.022486815,0.023094565,0.001421028,0.546071227,737.75,-0.01158896
03-03-2008,0.021457589,0.021369724,0.021066187,0.02100582,0.000379386,-0.049480052,0.0,ADANIPORTS,0.022153775,0.022263827,0.022849444,0.00142793,0.53301453,735.65,-0.002846493
04-03-2008,0.020858633,0.020890194,0.019516568,0.020092656,0.000833563,-0.04290311,0.0,ADANIPORTS,0.021745039,0.021972108,0.022591509,0.001843644,0.497084048,699.25,-0.049480052
05-03-2008,0.019750565,0.019786228,0.019331723,0.019229716,0.000547251,-0.042360852,0.0,ADANIPORTS,0.021097079,0.021691023,0.022331151,0.002693833,0.377402135,669.25,-0.04290311
07-03-2008,0.018612549,0.018531382,0.017514079,0.018281547,0.00094156,-0.048603526,0.0,ADANIPORTS,0.020310929,0.02129698,0.022039694,0.003604037,0.297066849,640.9,-0.042360852
10-03-2008,0.017714115,0.017933837,0.015392981,0.018019773,0.000490507,-0.014104141,0.0,ADANIPORTS,0.019484857,0.020918347,0.021753863,0.004273359,0.17088241,609.75,-0.048603526
11-03-2008,0.017504481,0.018703177,0.017452464,0.018706168,0.000471516,0.037511436,1.0,ADANIPORTS,0.019020844,0.020659607,0.02161712,0.004510861,0.243973703,601.15,-0.014104141
12-03-2008,0.018912027,0.019127434,0.017945384,0.018073041,0.000438067,-0.033349367,0.0,ADANIPORTS,0.018613335,0.020249999,0.021494599,0.004588727,0.254185693,623.7,0.037511436
13-03-2008,0.017264899,0.017635064,0.017053507,0.016958981,0.000344058,-0.060706585,0.0,ADANIPORTS,0.018155157,0.019694918,0.021331055,0.004623296,0.208574345,602.9,-0.033349367
14-03-2008,0.016785734,0.016947887,0.016807046,0.016797655,0.00032675,-0.009358997,0.0,ADANIPORTS,0.017855745,0.019150161,0.021098515,0.004370883,0.214635854,566.3,-0.060706585
17-03-2008,0.016186778,0.016111323,0.015357552,0.015289412,0.000419021,-0.088324421,0.0,ADANIPORTS,0.017304825,0.01845916,0.020758924,0.004238707,0.192283563,561.0,-0.009358997
18-03-2008,0.014869076,0.015394268,0.014833824,0.015013941,0.000535514,-0.017694789,0.0,ADANIPORTS,0.016559825,0.017852454,0.020338226,0.004172549,0.110610611,511.45,-0.088324421
19-03-2008,0.01561777,0.015543654,0.014987862,0.014872401,0.000407472,-0.009255573,0.0,ADANIPORTS,0.015914015,0.017323878,0.019922294,0.004083313,0.076765957,502.4,-0.017694789
24-03-2008,0.014779232,0.014823612,0.014063636,0.014003373,0.001128577,-0.057358112,0.0,ADANIPORTS,0.015317646,0.016794686,0.019511442,0.004306069,0.071895425,497.75,-0.009255573
25-03-2008,0.013970642,0.014796722,0.014065176,0.014854137,0.001552292,0.05956948,1.0,ADANIPORTS,0.014925492,0.016447644,0.019135673,0.004225863,0.148748159,469.2,-0.057358112
26-03-2008,0.014779232,0.015304636,0.014841526,0.015064165,0.000578748,0.013879111,1.0,ADANIPORTS,0.014880043,0.016148375,0.018791941,0.004001244,0.18516129,497.15,0.05956948
27-03-2008,0.01460254,0.015274759,0.014710594,0.015427909,0.000747771,0.023707965,1.0,ADANIPORTS,0.014963571,0.015816435,0.018492436,0.003159186,0.237540675,504.05,0.013879111
28-03-2008,0.015168554,0.018208708,0.015604012,0.018569193,0.003214442,0.2,1.0,ADANIPORTS,0.015709493,0.015866673,0.018310217,0.003449023,0.470419847,516.0,0.023707965
31-03-2008,0.01846281,0.019828056,0.017298426,0.017337944,0.004438078,-0.065326227,0.0,ADANIPORTS,0.016382327,0.015905045,0.018048218,0.003562295,0.458787556,619.2,0.2
01-04-2008,0.017264899,0.018142978,0.017752837,0.017747346,0.001515066,0.023239741,1.0,ADANIPORTS,0.016966105,0.016001206,0.017820757,0.003841833,0.488253052,578.75,-0.065326227
02-04-2008,0.018426873,0.018632965,0.01825346,0.018238932,0.001803413,0.027271192,1.0,ADANIPORTS,0.017606695,0.016299859,0.017621816,0.004263597,0.479508744,592.2,0.023239741
03-04-2008,0.018043541,0.018274438,0.017979273,0.018054778,0.001621471,-0.009944933,0.0,ADANIPORTS,0.018136732,0.016607758,0.017470305,0.004400797,0.499166203,608.35,0.027271192
04-04-2008,0.018133384,0.018053346,0.017760539,0.017777785,0.000804257,-0.01510875,0.0,ADANIPORTS,0.017977045,0.016901942,0.017351456,0.004285665,0.540475474,602.3,-0.009944933
07-04-2008,0.017564377,0.017793414,0.017298426,0.017783872,0.000969048,0.000337154,1.0,ADANIPORTS,0.018067022,0.017284736,0.017277225,0.003586768,0.549511002,593.2,-0.01510875
08-04-2008,0.01846281,0.018381996,0.01776362,0.017669727,0.000452599,-0.006319515,0.0,ADANIPORTS,0.018051361,0.017569827,0.017245813,0.002987519,0.638948117,593.4,0.000337154
09-04-2008,0.017130134,0.018322241,0.017457085,0.017916281,0.001054796,0.013736963,1.0,ADANIPORTS,0.017986258,0.017858618,0.0172405,0.002169773,0.669994651,589.65,-0.006319515
10-04-2008,0.018163332,0.018083223,0.017791347,0.018246542,0.001029013,0.018151401,1.0,ADANIPORTS,0.018024951,0.018144018,0.017216902,0.000896383,0.693354265,597.75,0.013736963
11-04-2008,0.018013593,0.01823261,0.01837669,0.018295244,0.000626782,0.002628985,1.0,ADANIPORTS,0.018129362,0.018116279,0.01722831,0.000775138,0.771467077,608.6,0.018151401
15-04-2008,0.017863854,0.019128928,0.018222652,0.01927994,0.001522599,0.053015405,1.0,ADANIPORTS,0.018431231,0.018312916,0.017347471,0.001207399,0.775274517,610.2,0.002628985
16-04-2008,0.019421139,0.019487455,0.019208493,0.01912318,0.000915784,-0.00801494,0.0,ADANIPORTS,0.018724502,0.018452225,0.017466867,0.001409496,0.754145226,642.55,0.053015405
17-04-2008,0.019175567,0.019409774,0.018871151,0.018786831,0.000919831,-0.017336053,0.0,ADANIPORTS,0.018900157,0.018507703,0.01764643,0.001477365,0.711034615,637.4,-0.00801494
21-04-2008,0.018912027,0.01927682,0.019242381,0.019359081,0.000534596,0.030015167,1.0,ADANIPORTS,0.01912464,0.01863977,0.017869515,0.001685481,0.573284383,626.35,-0.017336053
22-04-2008,0.018912027,0.019828056,0.019397959,0.019989164,0.001194644,0.032085561,1.0,ADANIPORTS,0.019466431,0.018863682,0.018132217,0.001989892,0.776859504,645.15,0.030015167
23-04-2008,0.019960199,0.019962504,0.019836967,0.020015037,0.000753648,0.001276564,1.0,ADANIPORTS,0.019614756,0.019089598,0.018440865,0.00210284,0.757429164,665.85,0.032085561
24-04-2008,0.019750565,0.01996101,0.020012569,0.019970901,0.000531796,-0.002174891,0.0,ADANIPORTS,0.019785805,0.019322603,0.018703567,0.001969431,0.718846154,666.7,0.001276564
25-04-2008,0.01981046,0.021160583,0.020043377,0.02139848,0.003140179,0.070499812,1.0,ADANIPORTS,0.020312771,0.019675193,0.019028779,0.002413042,0.821480831,665.25,-0.002174891
28-04-2008,0.021457589,0.021850748,0.021395827,0.022138143,0.002228735,0.034122025,1.0,ADANIPORTS,0.020873517,0.020069236,0.019373293,0.002989096,0.884977157,712.15,0.070499812
29-04-2008,0.021854397,0.022056901,0.021645368,0.022264465,0.001248433,0.005635142,1.0,ADANIPORTS,0.021332617,0.020471138,0.019563013,0.003217142,0.887368421,736.45,0.034122025
30-04-2008,0.021906805,0.022833711,0.021765518,0.022859543,0.001519729,0.026397516,1.0,ADANIPORTS,0.021906568,0.02083359,0.0198465,0.003710609,0.914237123,740.6,0.005635142
02-05-2008,0.022692935,0.023251992,0.023264304,0.023057395,0.001262781,0.008550944,1.0,ADANIPORTS,0.022529346,0.021231948,0.020119125,0.003936863,0.913565132,760.15,0.026397516
05-05-2008,0.02016085,0.023063766,0.020739627,0.02268452,0.000516652,-0.015978608,0.0,ADANIPORTS,0.022788837,0.021626608,0.020347368,0.003604556,0.854571984,766.65,0.008550944
06-05-2008,0.021607328,0.022651459,0.022076674,0.022791056,0.000870247,0.004639449,1.0,ADANIPORTS,0.022920579,0.021974112,0.020590536,0.003263667,0.855903614,754.4,-0.015978608
07-05-2008,0.022565657,0.022848649,0.022689744,0.023113707,0.000614016,0.013986014,1.0,ADANIPORTS,0.023091935,0.022290487,0.020864489,0.003032075,0.839030956,757.9,0.004639449
08-05-2008,0.022505761,0.023162361,0.022905396,0.023509412,0.000878535,0.01691607,1.0,ADANIPORTS,0.023223062,0.022644309,0.021158447,0.002637052,0.872159091,768.5,0.013986014
09-05-2008,0.022818716,0.02372256,0.023459932,0.023577899,0.001367269,0.002879079,1.0,ADANIPORTS,0.023328087,0.023009535,0.021461781,0.001688238,0.925865801,781.5,0.01691607
12-05-2008,0.021283892,0.024052704,0.021894909,0.024302343,0.002589583,0.030366826,1.0,ADANIPORTS,0.023654524,0.023303565,0.02178965,0.001645007,0.927818757,783.75,0.002879079
13-05-2008,0.024254712,0.024432145,0.023957473,0.023854892,0.000975184,-0.018203207,0.0,ADANIPORTS,0.02386918,0.023477394,0.022077591,0.001552292,0.845484222,807.55,0.030366826
14-05-2008,0.023404195,0.023677744,0.023829622,0.02374379,0.000350177,-0.004603645,0.0,ADANIPORTS,0.023996315,0.023627182,0.022357327,0.001352064,0.828242229,792.85,-0.018203207
15-05-2008,0.023553934,0.023876428,0.023922045,0.023794015,0.00029032,0.002090725,1.0,ADANIPORTS,0.024053741,0.023721802,0.022589086,0.001316872,0.836188437,789.2,-0.004603645
16-05-2008,0.023553934,0.02361052,0.023496901,0.023329823,0.000384221,-0.01928305,0.0,ADANIPORTS,0.024003685,0.023749387,0.022805061,0.001276881,0.704479536,790.85,0.002090725
20-05-2008,0.022984926,0.026738671,0.023459932,0.026630911,0.007402698,0.139827231,1.0,ADANIPORTS,0.024473533,0.024148978,0.023207788,0.002701047,0.808399499,775.6,-0.01928305
21-05-2008,0.026535236,0.027375057,0.026534523,0.027157503,0.005231411,0.019569029,1.0,ADANIPORTS,0.025139918,0.024591101,0.02360817,0.003597328,0.818379877,884.05,0.139827231
22-05-2008,0.026632566,0.027044913,0.02648061,0.026641565,0.002785258,-0.018805126,0.0,ADANIPORTS,0.025724617,0.024948314,0.023949714,0.003871354,0.74864919,901.35,0.019569029
23-05-2008,0.026398973,0.026717757,0.025801304,0.025705572,0.001438098,-0.034769335,0.0,ADANIPORTS,0.026110322,0.025170685,0.024241874,0.003806384,0.658701204,884.4,-0.018805126
26-05-2008,0.025154643,0.026759585,0.025277576,0.026734403,0.002103287,0.039594682,1.0,ADANIPORTS,0.026797282,0.025490296,0.024589122,0.003880564,0.725012684,853.65,-0.034769335
27-05-2008,0.026994934,0.027375057,0.026244932,0.026296084,0.002661373,-0.016226266,0.0,ADANIPORTS,0.026729722,0.025692172,0.024840572,0.003884306,0.687816017,887.45,0.039594682
28-05-2008,0.025889861,0.026090334,0.025462421,0.025320521,0.001283986,-0.036710383,0.0,ADANIPORTS,0.026359065,0.025840574,0.02500396,0.003637064,0.610518293,873.05,-0.016226266
29-05-2008,0.025235502,0.025639187,0.025282197,0.025133322,0.000931077,-0.007312723,0.0,ADANIPORTS,0.026054739,0.025981271,0.025151251,0.003298006,0.583060875,841.0,-0.036710383
30-05-2008,0.024994422,0.025035666,0.023151856,0.023780317,0.001769332,-0.053243098,0.0,ADANIPORTS,0.02566627,0.025979884,0.025198525,0.003303685,0.509150956,834.85,-0.007312723
02-06-2008,0.023568908,0.024417206,0.023153397,0.023031522,0.001765204,-0.031123482,0.0,ADANIPORTS,0.02491912,0.02594968,0.025197196,0.003462156,0.442674722,790.4,-0.053243098
03-06-2008,0.021936753,0.022711214,0.022330836,0.022227938,0.001107654,-0.034473753,0.0,ADANIPORTS,0.024098269,0.025503858,0.025173755,0.004281888,0.428894506,765.8,-0.031123482
04-06-2008,0.021966701,0.022286956,0.021064647,0.021095614,0.000796337,-0.050311063,0.0,ADANIPORTS,0.023245787,0.024890062,0.025086708,0.005013685,0.393746947,739.4,-0.034473753
05-06-2008,0.020738842,0.0208887,0.019303996,0.019736522,0.0014883,-0.063585873,0.0,ADANIPORTS,0.022156846,0.024190894,0.024913319,0.005982047,0.352674624,702.2,-0.050311063
06-06-2008,0.019807466,0.020062593,0.019300916,0.019190145,0.001181541,-0.027298304,0.0,ADANIPORTS,0.021230663,0.023531176,0.024691562,0.006818834,0.35058229,657.55,-0.063585873
09-06-2008,0.018313071,0.018411873,0.017954627,0.018368297,0.000958991,-0.042213884,0.0,ADANIPORTS,0.020289739,0.022684068,0.024424093,0.00706807,0.136758999,639.6,-0.027298304
10-06-2008,0.017690157,0.018198251,0.017606502,0.017657551,0.001075178,-0.038116226,0.0,ADANIPORTS,0.019367548,0.021809375,0.02408294,0.007076302,0.089017646,612.6,-0.042213884
11-06-2008,0.01765422,0.018573211,0.018074776,0.018200884,0.00159722,0.030292745,1.0,ADANIPORTS,0.018783463,0.021088478,0.023792655,0.006652838,0.135706779,589.25,-0.038116226
12-06-2008,0.017651225,0.017766524,0.017298426,0.017786916,0.001052042,-0.022401581,0.0,ADANIPORTS,0.018390081,0.020344619,0.023486821,0.005809797,0.142110332,607.1,0.030292745
13-06-2008,0.017519455,0.018080235,0.017982353,0.0179939,0.001063389,0.011457456,1.0,ADANIPORTS,0.018148708,0.019758717,0.023189035,0.004977617,0.073264973,593.5,-0.022401581
16-06-2008,0.018013593,0.01882418,0.018409038,0.018620939,0.002000031,0.034316175,1.0,ADANIPORTS,0.018199685,0.019312124,0.022947274,0.003880897,0.132058952,600.3,0.011457456
17-06-2008,0.018343019,0.018673299,0.018592342,0.018916196,0.000720991,0.015622483,1.0,ADANIPORTS,0.018453649,0.018976794,0.022551189,0.002671096,0.171557914,620.9,0.034316175
18-06-2008,0.018630518,0.019397823,0.018999002,0.01886445,0.001443472,-0.002695845,0.0,ADANIPORTS,0.01858754,0.018750878,0.022125412,0.0016782,0.173974988,630.6,0.015622483
19-06-2008,0.018253176,0.019248437,0.018578479,0.019480836,0.001557312,0.032199078,1.0,ADANIPORTS,0.018929331,0.018724989,0.02175777,0.001553479,0.257843305,628.9,-0.002695845
20-06-2008,0.019326804,0.01945459,0.018838803,0.018722909,0.001489069,-0.038357853,0.0,ADANIPORTS,0.019076427,0.018677679,0.02139927,0.001447023,0.257578352,649.15,0.032199078
23-06-2008,0.018313071,0.01823261,0.017053507,0.017103565,0.001745794,-0.085222267,0.0,ADANIPORTS,0.018770258,0.018549619,0.020904809,0.001818607,0.235921569,624.25,-0.038357853
24-06-2008,0.016921996,0.017336291,0.017112041,0.017032034,0.001399735,-0.004115226,0.0,ADANIPORTS,0.018390081,0.018486282,0.020429179,0.002043691,0.264882001,571.05,-0.085222267
25-06-2008,0.016516204,0.016529605,0.016408089,0.016453696,0.001357162,-0.033409531,0.0,ADANIPORTS,0.017903651,0.018309371,0.019973944,0.002519808,0.291190707,568.7,-0.004115226
26-06-2008,0.017294846,0.017216782,0.015912088,0.015806872,0.001369408,-0.03865745,0.0,ADANIPORTS,0.017162335,0.018108882,0.019495111,0.003130601,0.287516727,549.7,-0.033409531
27-06-2008,0.014869076,0.015061136,0.014782992,0.014819133,0.001414929,-0.061405999,0.0,ADANIPORTS,0.01637465,0.017787422,0.019035031,0.003993351,0.28164794,528.45,-0.03865745
30-06-2008,0.014599546,0.014949097,0.014796855,0.014762821,0.000795661,-0.003729839,0.0,ADANIPORTS,0.015902345,0.017396769,0.018610504,0.004455419,0.306313646,496.0,-0.061405999
01-07-2008,0.014719337,0.014796722,0.014371711,0.0142758,0.000552662,-0.032378832,0.0,ADANIPORTS,0.015346206,0.016926907,0.018202229,0.004725529,0.235378617,494.15,-0.003729839
02-07-2008,0.012892522,0.014944615,0.011694537,0.014371682,0.004106497,0.006587891,1.0,ADANIPORTS,0.014926106,0.016471993,0.017857013,0.004648674,0.259433962,478.15,-0.032378832
03-07-2008,0.013850851,0.013810772,0.012800527,0.013216529,0.002095835,-0.078848951,0.0,ADANIPORTS,0.014403439,0.015837702,0.017522267,0.004262043,0.203139777,481.3,0.006587891
04-07-2008,0.013192,0.013449257,0.013080876,0.013431123,0.00110436,0.015901658,1.0,ADANIPORTS,0.014123373,0.015301883,0.017226591,0.003592253,0.160087719,443.35,-0.078848951
07-07-2008,0.01338666,0.014468072,0.013770965,0.013947061,0.001131585,0.037633215,1.0,ADANIPORTS,0.013958773,0.014982272,0.016999598,0.00321852,0.183685332,450.4,0.015901658
08-07-2008,0.013431582,0.014016925,0.012831335,0.013706594,0.001242775,-0.016903819,0.0,ADANIPORTS,0.013843922,0.014645555,0.01679675,0.00262047,0.179375591,467.35,0.037633215
09-07-2008,0.014090433,0.016181534,0.014248481,0.016503921,0.004887218,0.200021765,1.0,ADANIPORTS,0.014274155,0.014650641,0.016709626,0.002648083,0.354420959,459.45,-0.016903819
10-07-2008,0.016516204,0.017723202,0.016990351,0.017003117,0.007115214,0.029745171,1.0,ADANIPORTS,0.015038194,0.014771766,0.016669385,0.003200265,0.413714111,551.35,0.200021765
11-07-2008,0.016815682,0.017037518,0.016317207,0.016351726,0.001949131,-0.037692646,0.0,ADANIPORTS,0.0156275,0.014926949,0.016585073,0.003500576,0.458220568,567.75,0.029745171
14-07-2008,0.015917248,0.0167985,0.016015293,0.016003202,0.002308468,-0.020957262,0.0,ADANIPORTS,0.016042378,0.015052543,0.016450675,0.003642662,0.444535609,546.35,-0.037692646
15-07-2008,0.01561777,0.015573532,0.014679787,0.014575622,0.00173083,-0.08767994,0.0,ADANIPORTS,0.016217727,0.015082902,0.016227823,0.003614467,0.407245941,534.9,-0.020957262
16-07-2008,0.013970642,0.0148266,0.014220754,0.014277322,0.001537263,-0.020081967,0.0,ADANIPORTS,0.015768454,0.015073347,0.015992314,0.00362547,0.42176553,488.0,-0.08767994
17-07-2008,0.014689389,0.014796722,0.014002021,0.014294063,0.001249606,0.001150146,1.0,ADANIPORTS,0.015221834,0.015182453,0.015726017,0.003356732,0.470181504,478.2,-0.020081967
18-07-2008,0.01427012,0.014450146,0.013940406,0.013948583,0.00179056,-0.023707572,0.0,ADANIPORTS,0.014736939,0.015234848,0.015480897,0.003202753,0.455230126,478.75,0.001150146
21-07-2008,0.013820903,0.014312711,0.013909598,0.01422101,0.001417934,0.019148481,1.0,ADANIPORTS,0.014377337,0.015262587,0.015332902,0.003140679,0.496914638,467.4,-0.023707572
22-07-2008,0.01427012,0.015421158,0.014371711,0.015441606,0.003129475,0.084181799,1.0,ADANIPORTS,0.014552071,0.015438265,0.015251247,0.002889776,0.553476343,476.35,0.019148481
23-07-2008,0.015915751,0.016702893,0.01637266,0.016570886,0.001849322,0.071836577,1.0,ADANIPORTS,0.015014855,0.015445045,0.015257264,0.002911077,0.668090299,516.45,0.084181799
24-07-2008,0.016615032,0.017425923,0.016837854,0.017516011,0.002358395,0.056092494,1.0,ADANIPORTS,0.015664965,0.015496978,0.015345014,0.003152227,0.690733371,553.55,0.071836577
25-07-2008,0.016965421,0.017960726,0.016717704,0.017613415,0.003045097,0.005473828,1.0,ADANIPORTS,0.016404437,0.01562473,0.015488476,0.003586697,0.678154119,584.6,0.056092494
28-07-2008,0.01711516,0.017842711,0.017606502,0.0176332,0.001551706,0.001105818,1.0,ADANIPORTS,0.017092933,0.015789775,0.015635845,0.003989574,0.694981862,587.8,0.005473828
29-07-2008,0.01711516,0.018142978,0.016377281,0.016605891,0.004663333,-0.057354066,0.0,ADANIPORTS,0.017327857,0.01599535,0.015755476,0.003945045,0.506143407,588.45,0.001105818
30-07-2008,0.016815682,0.017186905,0.016837854,0.016885928,0.002086738,0.016585542,1.0,ADANIPORTS,0.017391425,0.016259484,0.015884561,0.003767878,0.492748163,554.7,-0.057354066
31-07-2008,0.01684563,0.017186905,0.017144389,0.017315115,0.001487863,0.025004433,1.0,ADANIPORTS,0.017350889,0.016565379,0.016094988,0.003515389,0.561301569,563.9,0.016585542
01-08-2008,0.016815682,0.017157028,0.016853258,0.017261847,0.001368994,-0.003027682,0.0,ADANIPORTS,0.017279951,0.016900863,0.016291663,0.002803713,0.583215939,578.0,0.025004433
04-08-2008,0.016995369,0.017572322,0.017333855,0.017529708,0.00109599,0.01527115,1.0,ADANIPORTS,0.017259069,0.017235885,0.016475601,0.001754862,0.73068695,576.25,-0.003027682
05-08-2008,0.017266396,0.017635064,0.017606502,0.017589064,0.001086782,0.003333048,1.0,ADANIPORTS,0.017457449,0.017453325,0.016674932,0.00105911,0.768641975,585.05,0.01527115
06-08-2008,0.017729089,0.017796401,0.017298426,0.017274022,0.001027171,-0.017632027,0.0,ADANIPORTS,0.017535757,0.017524521,0.016714471,0.000866385,0.730569948,587.0,0.003333048
07-08-2008,0.017014835,0.017336291,0.017338476,0.01718575,0.001060801,-0.005029047,0.0,ADANIPORTS,0.017509654,0.01749108,0.016723847,0.0008539,0.760853569,576.65,-0.017632027
08-08-2008,0.016815682,0.017357205,0.017144389,0.017423172,0.001176409,0.013594771,1.0,ADANIPORTS,0.017542206,0.017471818,0.016778857,0.000814598,0.759496793,573.75,-0.005029047
11-08-2008,0.017414638,0.017694819,0.017737434,0.017710819,0.001051279,0.016249678,1.0,ADANIPORTS,0.017578749,0.017479677,0.016866528,0.00084155,0.716652136,581.55,0.013594771
12-08-2008,0.017474533,0.018635953,0.017946925,0.018791397,0.004565447,0.060067682,1.0,ADANIPORTS,0.01782135,0.01770097,0.017082972,0.001301021,0.713992373,591.0,0.016249678
13-08-2008,0.018313071,0.018740523,0.018438305,0.018433741,0.001712813,-0.018754988,0.0,ADANIPORTS,0.018055353,0.017857693,0.017296369,0.00137292,0.599735362,626.5,0.060067682
14-08-2008,0.018163332,0.018201238,0.017152091,0.017141614,0.001089445,-0.06905246,0.0,ADANIPORTS,0.018046447,0.017840125,0.017442566,0.00141034,0.459296218,614.75,-0.018754988
18-08-2008,0.016968416,0.017300438,0.017175196,0.01718575,0.000555847,0.002533636,1.0,ADANIPORTS,0.017998541,0.01783242,0.017608767,0.001426137,0.461558577,572.3,-0.06905246
19-08-2008,0.016935473,0.017019592,0.016961084,0.017038122,0.000412816,-0.008453159,0.0,ADANIPORTS,0.017862808,0.017782645,0.017753401,0.001503442,0.543746149,573.75,0.002533636
20-08-2008,0.016875577,0.017157028,0.017360041,0.017380558,0.000456547,0.019775004,1.0,ADANIPORTS,0.017578135,0.017761533,0.01785295,0.001511668,0.549437177,568.9,-0.008453159
21-08-2008,0.01711516,0.017067396,0.017051966,0.016899625,0.000412002,-0.027234336,0.0,ADANIPORTS,0.017268589,0.017723623,0.017869828,0.001590523,0.458897922,580.15,0.019775004
22-08-2008,0.016665943,0.01702258,0.016990351,0.017251193,0.000534232,0.020466023,1.0,ADANIPORTS,0.017290699,0.017730249,0.017856232,0.001581439,0.499004834,564.35,-0.027234336
25-08-2008,0.017408648,0.017524518,0.017575694,0.017442958,0.000860107,0.010939399,1.0,ADANIPORTS,0.017342597,0.017732253,0.01784748,0.001580591,0.491779637,575.9,0.020466023
26-08-2008,0.016972908,0.016977764,0.017175196,0.017030512,0.000426796,-0.023273789,0.0,ADANIPORTS,0.017341062,0.017663368,0.017816537,0.001618461,0.450391998,582.2,0.010939399
27-08-2008,0.016935473,0.016932948,0.016901009,0.016791567,0.000390644,-0.013804625,0.0,ADANIPORTS,0.017222218,0.017460876,0.01782607,0.001169721,0.456563442,568.65,-0.023273789
28-08-2008,0.01626614,0.016885144,0.016733108,0.016692641,0.000644819,-0.005795292,0.0,ADANIPORTS,0.017180454,0.017284581,0.017816147,0.00062007,0.455689278,560.8,-0.013804625
29-08-2008,0.016725839,0.017067396,0.017206004,0.017292286,0.000582159,0.035333154,1.0,ADANIPORTS,0.017188745,0.017299838,0.017814975,0.000641444,0.48895737,557.55,-0.005795292
01-09-2008,0.016962426,0.017485678,0.017307669,0.017712341,0.001163514,0.023906453,1.0,ADANIPORTS,0.0172431,0.017353158,0.017838104,0.000810298,0.500125597,577.25,0.035333154
02-09-2008,0.017567371,0.017778475,0.017799049,0.017700166,0.001036856,-0.000676762,0.0,ADANIPORTS,0.01737822,0.017420193,0.017846855,0.000911942,0.390667887,591.05,0.023906453
04-09-2008,0.017294846,0.017366168,0.017544887,0.01749166,0.000361207,-0.011597393,0.0,ADANIPORTS,0.017519481,0.017431442,0.017841854,0.000930362,0.402703552,590.65,-0.000676762
05-09-2008,0.016965421,0.017177942,0.017242973,0.017094433,0.000400192,-0.022353546,0.0,ADANIPORTS,0.017600553,0.017451168,0.017832634,0.000892775,0.494022368,583.8,-0.011597393
08-09-2008,0.0173787,0.0174558,0.017510998,0.017380558,0.000469101,0.016469558,1.0,ADANIPORTS,0.017618364,0.017464266,0.017842636,0.000898981,0.523255814,570.75,-0.022353546
09-09-2008,0.01711516,0.017210807,0.017452464,0.01738969,0.00037795,0.000517108,1.0,ADANIPORTS,0.017553261,0.017458873,0.017840917,0.000892268,0.543404735,580.15,0.016469558
10-09-2008,0.016995369,0.017694819,0.017454004,0.017669727,0.001075193,0.015849772,1.0,ADANIPORTS,0.017547119,0.017523596,0.017838807,0.000923116,0.536259542,580.45,0.000517108
11-09-2008,0.017205003,0.017539457,0.017463247,0.017363817,0.000584082,-0.017044009,0.0,ADANIPORTS,0.017521324,0.017581539,0.017765513,0.000791657,0.560878244,589.65,0.015849772
12-09-2008,0.017145108,0.017185411,0.016930276,0.016850923,0.00035399,-0.029071774,0.0,ADANIPORTS,0.017472189,0.017597566,0.017684249,0.000697203,0.449636155,579.6,-0.017044009
15-09-2008,0.016216726,0.016290586,0.015453055,0.016029075,0.000653128,-0.047978676,0.0,ADANIPORTS,0.017199493,0.01746966,0.017627129,0.001308437,0.346446281,562.75,-0.029071774
16-09-2008,0.015625257,0.015976875,0.015616335,0.016108216,0.000458534,0.00485301,1.0,ADANIPORTS,0.016940924,0.017307235,0.017571807,0.001535388,0.392017106,535.75,-0.047978676
17-09-2008,0.01606549,0.016015715,0.014648979,0.014747601,0.000675067,-0.083031485,0.0,ADANIPORTS,0.016351311,0.017008274,0.017454209,0.002347104,0.310471352,538.35,0.00485301
18-09-2008,0.01400059,0.013930281,0.013447485,0.013563532,0.001383814,-0.07880077,0.0,ADANIPORTS,0.015584507,0.016610532,0.017258237,0.00342221,0.258458647,493.65,-0.083031485
19-09-2008,0.014717839,0.014645842,0.013663138,0.013613756,0.00130277,0.003628367,1.0,ADANIPORTS,0.014931327,0.016258097,0.017089536,0.00402674,0.189730424,454.75,-0.07880077
22-09-2008,0.013551373,0.013979579,0.01326264,0.013231749,0.001514679,-0.027497809,0.0,ADANIPORTS,0.014366896,0.01583801,0.016883172,0.004424334,0.119638243,456.4,0.003628367
23-09-2008,0.012892522,0.013299871,0.012708105,0.013192178,0.000857361,-0.002928917,0.0,ADANIPORTS,0.013778511,0.015412992,0.016664931,0.004530454,0.119084362,443.85,-0.027497809
24-09-2008,0.013311791,0.013243104,0.013325796,0.013324587,0.000800264,0.009829398,1.0,ADANIPORTS,0.013491382,0.014973026,0.016474663,0.004185085,0.143303804,442.55,-0.002928917
25-09-2008,0.013162052,0.013123595,0.013231833,0.013113038,0.000295359,-0.015551578,0.0,ADANIPORTS,0.013400484,0.014542614,0.016285802,0.003676322,0.148008611,446.9,0.009829398
26-09-2008,0.012608018,0.012911466,0.012954565,0.012839088,0.000412532,-0.02045687,0.0,ADANIPORTS,0.013244175,0.014136397,0.016087955,0.003102652,0.097626753,439.95,-0.015551578
29-09-2008,0.012772731,0.013004086,0.01227834,0.012592534,0.000722352,-0.018795684,0.0,ADANIPORTS,0.013115197,0.01378843,0.015846663,0.002665024,0.092132505,430.95,-0.02045687
30-09-2008,0.011724558,0.01273519,0.011831631,0.012860395,0.000742882,0.020811162,1.0,ADANIPORTS,0.013048252,0.013459573,0.015597557,0.001525561,0.090248963,422.85,-0.018795684
01-10-2008,0.012736793,0.012854699,0.012862142,0.012934971,0.000607847,0.005675895,1.0,ADANIPORTS,0.012969636,0.013276036,0.015352906,0.00083044,0.107181425,431.65,0.020811162
03-10-2008,0.012742783,0.012850218,0.012751235,0.012866483,0.000587566,-0.005183138,0.0,ADANIPORTS,0.012919888,0.013205456,0.015115442,0.000751947,0.116354045,434.1,0.005675895
06-10-2008,0.012473253,0.012645558,0.01227834,0.012266839,0.000487776,-0.045617691,0.0,ADANIPORTS,0.012804422,0.013069074,0.014867587,0.000813187,0.121555419,431.85,-0.005183138
07-10-2008,0.012024036,0.013810772,0.012218265,0.012361199,0.001346854,0.007521533,1.0,ADANIPORTS,0.012757744,0.012980927,0.014609886,0.000874482,0.124236874,412.15,-0.045617691
08-10-2008,0.011724558,0.011956887,0.011478885,0.011798081,0.001166015,-0.044551475,0.0,ADANIPORTS,0.012543396,0.012839768,0.014322804,0.001144535,0.147892442,415.25,0.007521533
10-10-2008,0.011116618,0.011301081,0.009752123,0.010356804,0.00106832,-0.119344675,0.0,ADANIPORTS,0.012023185,0.012539266,0.013947348,0.002085374,0.139335844,396.75,-0.044551475
13-10-2008,0.010288562,0.011286142,0.010523851,0.011291275,0.000673404,0.087864911,1.0,ADANIPORTS,0.011705347,0.012354803,0.013635576,0.002151271,0.2821245,349.4,-0.119344675
14-10-2008,0.011724558,0.012018136,0.011660649,0.011857437,0.000693092,0.048934491,1.0,ADANIPORTS,0.01162274,0.012255407,0.013379203,0.002090684,0.37537952,380.1,0.087864911
15-10-2008,0.011185498,0.011450467,0.011229344,0.011300407,0.000275785,-0.045899172,0.0,ADANIPORTS,0.011408698,0.012124573,0.013136426,0.002138316,0.343174363,398.7,0.048934491
16-10-2008,0.010303536,0.0118807,0.010275851,0.011912227,0.000684694,0.052839117,1.0,ADANIPORTS,0.01143173,0.012028566,0.012920998,0.001990377,0.391538102,380.4,-0.045899172
17-10-2008,0.01197612,0.011910577,0.011700699,0.011927446,0.0004166,0.001248439,1.0,ADANIPORTS,0.011748647,0.011926549,0.012776207,0.001761907,0.406121957,400.5,0.052839117
20-10-2008,0.011727553,0.012122706,0.011454238,0.012201395,0.000509946,0.02244389,1.0,ADANIPORTS,0.011932287,0.011859206,0.012706273,0.001535889,0.449505905,401.0,0.001248439
21-10-2008,0.012260624,0.012854699,0.012122762,0.012992804,0.000481671,0.063414634,1.0,ADANIPORTS,0.012161376,0.011932713,0.012674393,0.00180838,0.529176836,410.0,0.02244389
22-10-2008,0.012473253,0.012675436,0.012641869,0.012513393,0.000193128,-0.036123853,0.0,ADANIPORTS,0.012406126,0.011948124,0.012637511,0.001846392,0.475462764,436.0,0.063414634
23-10-2008,0.011793438,0.012107767,0.011757693,0.012058333,0.000199429,-0.035574063,0.0,ADANIPORTS,0.012435607,0.011974475,0.012579298,0.001856586,0.441176471,420.25,-0.036123853
24-10-2008,0.011664663,0.011800031,0.010864274,0.011148213,0.001257852,-0.073772514,0.0,ADANIPORTS,0.012278377,0.012054609,0.01246756,0.001467316,0.39640301,405.3,-0.035574063
27-10-2008,0.010975864,0.01099932,0.009642756,0.010078289,0.000545621,-0.093633458,0.0,ADANIPORTS,0.011849987,0.011931789,0.012311751,0.00205388,0.375130254,375.4,-0.073772514
28-10-2008,0.011119613,0.011056087,0.010767231,0.010802732,7.76e-05,0.069948567,1.0,ADANIPORTS,0.011408084,0.011824995,0.012207202,0.002203368,0.417044718,340.25,-0.093633458
29-10-2008,0.010966879,0.011002308,0.010155701,0.010151342,0.00024096,-0.058783134,0.0,ADANIPORTS,0.010931481,0.011708647,0.012081868,0.002524179,0.413162119,364.05,0.069948567
31-10-2008,0.010436803,0.010613903,0.010494584,0.010615534,0.000472487,0.044506056,1.0,ADANIPORTS,0.010640359,0.01157735,0.011966613,0.002615617,0.515211167,342.65,-0.058783134
03-11-2008,0.010856072,0.010852922,0.010582385,0.010537915,0.000905363,-0.007124895,0.0,ADANIPORTS,0.010517216,0.011436654,0.011843545,0.00267157,0.450746269,357.9,0.044506056
04-11-2008,0.010436803,0.010374885,0.010212695,0.010292882,0.000886153,-0.022653722,0.0,ADANIPORTS,0.010560516,0.011243407,0.011711413,0.002654643,0.393228085,355.35,-0.007124895
05-11-2008,0.010526647,0.010730425,0.010594708,0.010519651,0.000757897,0.021451195,1.0,ADANIPORTS,0.010503397,0.010992989,0.011621709,0.002078175,0.444202741,347.3,-0.022653722
06-11-2008,0.009665648,0.010419701,0.009943129,0.010323321,0.000350396,-0.018181818,0.0,ADANIPORTS,0.010538098,0.010771234,0.011517082,0.001495469,0.379278446,354.75,0.021451195
07-11-2008,0.010167273,0.010195621,0.010137217,0.010105684,0.000436872,-0.02052828,0.0,ADANIPORTS,0.010435223,0.010573519,0.011430192,0.000864369,0.36571685,348.3,-0.018181818
10-11-2008,0.010195724,0.010252388,0.010229639,0.010169605,0.000361411,0.00615565,1.0,ADANIPORTS,0.010360907,0.01047443,0.011420581,0.000627065,0.345450336,341.15,-0.02052828
11-11-2008,0.01007743,0.010464517,0.010246583,0.010260921,0.000606042,0.008739985,1.0,ADANIPORTS,0.010354459,0.010492922,0.011367681,0.000583693,0.267426795,343.25,0.00615565
12-11-2008,0.010197221,0.010135867,0.010058658,0.010056981,0.000393521,-0.019350181,0.0,ADANIPORTS,0.010261103,0.010417412,0.011275243,0.000494752,0.280587276,346.25,0.008739985
14-11-2008,0.009993576,0.010195621,0.009596545,0.009548653,0.000276446,-0.049182742,0.0,ADANIPORTS,0.010104794,0.010356386,0.011185305,0.000782985,0.277942365,339.55,-0.019350181
17-11-2008,0.009545857,0.009771364,0.009474855,0.00974955,0.000542952,0.02044293,1.0,ADANIPORTS,0.010032935,0.010268701,0.011074271,0.000796673,0.358484755,322.85,-0.049182742
18-11-2008,0.009478474,0.009502469,0.009522607,0.009608009,0.000164984,-0.014114433,0.0,ADANIPORTS,0.009919619,0.010174544,0.010955187,0.000827349,0.441410694,329.45,0.02044293
19-11-2008,0.009454516,0.009623472,0.009078978,0.009151427,0.000162057,-0.046182266,0.0,ADANIPORTS,0.009695751,0.010058966,0.010798598,0.001074222,0.279561154,324.8,-0.014114433
20-11-2008,0.008819623,0.008761512,0.008518281,0.008492427,0.000228935,-0.069883796,0.0,ADANIPORTS,0.009380062,0.0098537,0.010567542,0.00146897,0.278994323,309.8,-0.046182266
21-11-2008,0.008430302,0.008489629,0.008210206,0.00841633,0.000243687,-0.008676037,0.0,ADANIPORTS,0.009151587,0.009660608,0.010357193,0.001713378,0.173224785,288.15,-0.069883796
24-11-2008,0.008370406,0.008373107,0.008241013,0.008271745,0.000412108,-0.016628741,0.0,ADANIPORTS,0.008853403,0.009474913,0.010162784,0.001915229,0.169844789,285.65,-0.008676037
25-11-2008,0.008310511,0.00837012,0.008119324,0.008104332,0.000220125,-0.019579922,0.0,ADANIPORTS,0.008549998,0.009265794,0.010006507,0.00201601,0.173774955,280.9,-0.016628741
26-11-2008,0.008017022,0.008065371,0.007902131,0.007892782,0.000182194,-0.02523602,0.0,ADANIPORTS,0.008296035,0.009026009,0.0098943,0.001990974,0.106654512,275.4,-0.019579922
28-11-2008,0.007741503,0.00768593,0.007624863,0.007573175,0.000144421,-0.039113429,0.0,ADANIPORTS,0.008110552,0.008774512,0.009728489,0.00198187,0.102857143,268.45,-0.02523602
01-12-2008,0.007442025,0.007924948,0.007594055,0.007807554,0.000290339,0.029850746,1.0,ADANIPORTS,0.007987716,0.008598217,0.009608156,0.001927433,0.169728784,257.95,-0.039113429
02-12-2008,0.007471973,0.007552976,0.007552465,0.007618833,0.000236221,-0.02333898,0.0,ADANIPORTS,0.007855975,0.008382472,0.009454301,0.001684623,0.146114865,265.65,0.029850746
03-12-2008,0.007564811,0.007774068,0.007724987,0.007713193,0.000155037,0.011948352,1.0,ADANIPORTS,0.007777053,0.008190613,0.009309276,0.001253254,0.146835443,259.45,-0.02333898
04-12-2008,0.007597753,0.007835316,0.00781587,0.007949094,0.000157259,0.029518187,1.0,ADANIPORTS,0.007788415,0.008068871,0.009188942,0.000830601,0.210372229,262.55,0.011948352
05-12-2008,0.007895734,0.008125126,0.007908292,0.007921699,0.000142388,-0.003329634,0.0,ADANIPORTS,0.007858739,0.008011082,0.00905556,0.000694504,0.242409639,270.3,0.029518187
08-12-2008,0.007982582,0.008134089,0.007845137,0.007795378,0.00014639,-0.015404603,0.0,ADANIPORTS,0.007856282,0.007948208,0.008925772,0.000542294,0.183119447,269.4,-0.003329634
10-12-2008,0.007728026,0.008190856,0.007932938,0.008226087,0.00080551,0.0533459,1.0,ADANIPORTS,0.007978811,0.007943584,0.008829271,0.000518307,0.295126354,265.25,-0.015404603
11-12-2008,0.008264092,0.008565816,0.008373486,0.008373715,0.000518007,0.017358626,1.0,ADANIPORTS,0.008112088,0.007970861,0.008737067,0.000640815,0.373075012,279.4,0.0533459
12-12-2008,0.008130824,0.008340242,0.008117783,0.008325013,0.000193968,-0.005628848,0.0,ADANIPORTS,0.008187939,0.008014626,0.008637675,0.000731839,0.465880893,284.25,0.017358626
15-12-2008,0.008550093,0.008728647,0.008549089,0.008646143,0.000397303,0.037325314,1.0,ADANIPORTS,0.008334114,0.008123269,0.00856524,0.000854658,0.542583192,282.65,-0.005628848
16-12-2008,0.008520145,0.009505456,0.008761661,0.009493864,0.000933416,0.094986357,1.0,ADANIPORTS,0.008676826,0.008294016,0.008562427,0.001421649,0.679642058,293.2,0.037325314
17-12-2008,0.009553344,0.010049223,0.00904509,0.009089027,0.001426085,-0.041426569,0.0,ADANIPORTS,0.008850946,0.008442881,0.008528515,0.001476124,0.635299038,321.05,0.094986357
18-12-2008,0.009178996,0.009260463,0.009135972,0.009291445,0.000420142,0.021608448,1.0,ADANIPORTS,0.009036121,0.008602686,0.008512262,0.001529442,0.692662474,307.75,-0.041426569
19-12-2008,0.009208944,0.009484542,0.009319277,0.009478644,0.000480993,0.019561069,1.0,ADANIPORTS,0.009268896,0.00875756,0.008529062,0.001618327,0.772410792,314.4,0.021608448
22-12-2008,0.009388631,0.00944869,0.009288469,0.009209261,0.000208145,-0.027608797,0.0,ADANIPORTS,0.009382519,0.008887932,0.008565865,0.001521477,0.69840586,320.55,0.019561069
23-12-2008,0.008969362,0.009233573,0.009014282,0.009146861,0.000327927,-0.006576837,0.0,ADANIPORTS,0.009312502,0.009024776,0.008603372,0.00124611,0.724307417,311.7,-0.027608797
24-12-2008,0.008882513,0.009209671,0.009137512,0.009242743,0.000275683,0.010172776,1.0,ADANIPORTS,0.009343518,0.009127717,0.008653224,0.001092264,0.724430549,309.65,-0.006576837
26-12-2008,0.009134075,0.0091783,0.009072817,0.009019018,0.000141554,-0.023497442,0.0,ADANIPORTS,0.009288549,0.009193057,0.008700186,0.000922877,0.657552667,312.8,0.010172776
29-12-2008,0.009029257,0.009239549,0.009042009,0.009332538,0.000164389,0.03372074,1.0,ADANIPORTS,0.009259069,0.009295074,0.008774105,0.000625975,0.691608103,305.45,-0.023497442
30-12-2008,0.009502433,0.009717585,0.009383973,0.009452771,0.000240879,0.012509897,1.0,ADANIPORTS,0.009308203,0.009376749,0.008870606,0.000419193,0.725465839,315.75,0.03372074
31-12-2008,0.009418579,0.009559235,0.009688967,0.009623228,0.000272879,0.017516422,1.0,ADANIPORTS,0.009404322,0.009389848,0.008963825,0.000476682,0.704545455,319.7,0.012509897
01-01-2009,0.009568318,0.009774352,0.009761365,0.009881958,0.00028299,0.026129726,1.0,ADANIPORTS,0.0095333,0.009470136,0.009080017,0.000638072,0.713854122,325.3,0.017516422
02-01-2009,0.009822874,0.010007395,0.009873812,0.009804339,0.000351612,-0.007639305,0.0,ADANIPORTS,0.009691758,0.009522069,0.00918738,0.000722157,0.708047945,333.8,0.026129726
05-01-2009,0.009786936,0.011510222,0.009997042,0.011604795,0.003072906,0.178566038,1.0,ADANIPORTS,0.010150244,0.009737352,0.009375069,0.00191071,0.793833132,331.25,-0.007639305
06-01-2009,0.011634715,0.011925516,0.011452698,0.011750901,0.002786056,0.012295082,1.0,ADANIPORTS,0.01061395,0.009994705,0.009571665,0.002511735,0.760449596,390.4,0.178566038
07-01-2009,0.011724558,0.011865761,0.010431429,0.010437467,0.001303291,-0.109185223,0.0,ADANIPORTS,0.010778243,0.010125385,0.009707314,0.002452052,0.628629501,395.2,0.012295082
09-01-2009,0.010096896,0.010584026,0.00953647,0.010009801,0.000476428,-0.039909104,0.0,ADANIPORTS,0.010804038,0.010203053,0.009798892,0.002353194,0.565701559,352.05,-0.109185223
12-01-2009,0.010017534,0.01113078,0.010305118,0.010979277,0.001745092,0.094230769,1.0,ADANIPORTS,0.011041112,0.010401539,0.009932666,0.00223515,0.620068193,338.0,-0.039909104
13-01-2009,0.010915968,0.010882799,0.009861489,0.010367457,0.001249612,-0.054346357,0.0,ADANIPORTS,0.010791448,0.010506329,0.010037528,0.002064329,0.587854999,369.85,0.094230769
14-01-2009,0.010676386,0.011345897,0.010870436,0.011432815,0.001129232,0.10007148,1.0,ADANIPORTS,0.010727266,0.010706818,0.010180599,0.002031099,0.650501002,349.75,-0.054346357
15-01-2009,0.011125603,0.011062063,0.010859653,0.011078203,0.000543981,-0.030279402,0.0,ADANIPORTS,0.010856551,0.010854141,0.010261942,0.001862503,0.616860465,384.75,0.10007148
16-01-2009,0.010975864,0.011211449,0.011044498,0.011149735,0.000463523,0.006298579,1.0,ADANIPORTS,0.011086561,0.01098251,0.010367741,0.001717644,0.638339921,373.1,-0.030279402
19-01-2009,0.011116618,0.011053099,0.010831926,0.01076164,0.000306281,-0.033959249,0.0,ADANIPORTS,0.011042647,0.011079441,0.010443223,0.001442738,0.591896653,375.45,0.006298579
20-01-2009,0.010526647,0.011136756,0.010582385,0.011137559,0.000977448,0.034050179,1.0,ADANIPORTS,0.011198035,0.011032131,0.010528394,0.001336234,0.604889142,362.7,-0.033959249
21-01-2009,0.010826125,0.010912676,0.010617814,0.010574441,0.000337686,-0.049326756,0.0,ADANIPORTS,0.011024836,0.010913009,0.010598485,0.001120596,0.556458898,375.05,0.034050179
22-01-2009,0.010646438,0.010814081,0.010647081,0.010956448,0.000322266,0.035198429,1.0,ADANIPORTS,0.011000269,0.010965558,0.010691391,0.001078989,0.562856125,356.55,-0.049326756
23-01-2009,0.010799172,0.010849934,0.010801119,0.010798166,0.000602841,-0.014088323,0.0,ADANIPORTS,0.010929331,0.011045384,0.010771249,0.000785267,0.557593932,369.1,0.035198429
27-01-2009,0.010826125,0.011062063,0.011075306,0.011157344,0.000278166,0.032426491,1.0,ADANIPORTS,0.011009174,0.011063414,0.010881034,0.000807222,0.468869123,363.9,-0.014088323
28-01-2009,0.01115555,0.011561013,0.011383381,0.011731116,0.000442925,0.05017301,1.0,ADANIPORTS,0.011128939,0.011201491,0.01100418,0.000854355,0.49870078,375.7,0.032426491
29-01-2009,0.011724558,0.011719363,0.011444996,0.011332367,0.000250381,-0.033202382,0.0,ADANIPORTS,0.01128187,0.01119132,0.011100681,0.000827598,0.566787824,394.55,0.05017301
30-01-2009,0.011020785,0.01174924,0.01133717,0.01147543,0.001184333,0.012321405,1.0,ADANIPORTS,0.011386588,0.011231541,0.011195776,0.000890855,0.614234875,381.45,-0.033202382
02-02-2009,0.011422086,0.011719363,0.011537419,0.011580444,0.000690184,0.008934352,1.0,ADANIPORTS,0.011544432,0.011275153,0.011282979,0.000969915,0.554154099,386.15,0.012321405
03-02-2009,0.011484976,0.011566989,0.011444996,0.011306494,0.000270158,-0.023100616,0.0,ADANIPORTS,0.011574527,0.011330322,0.011360101,0.00090967,0.590072993,389.6,0.008934352
04-02-2009,0.011275341,0.011329464,0.011044498,0.010939707,0.000638369,-0.031660536,0.0,ADANIPORTS,0.01141484,0.011310288,0.011325955,0.000933956,0.445380984,380.6,-0.023100616
05-02-2009,0.01088602,0.010823044,0.010924349,0.010919922,0.00041697,-0.001763668,0.0,ADANIPORTS,0.011331619,0.01134527,0.011283291,0.000803006,0.481063365,368.55,-0.031660536
06-02-2009,0.01088602,0.011047124,0.011136921,0.011142125,0.00050911,0.019842348,1.0,ADANIPORTS,0.011264366,0.011364071,0.011319469,0.000772386,0.499121265,367.9,-0.001763668
09-02-2009,0.010992335,0.011286142,0.011301741,0.011455645,0.000369146,0.027452026,1.0,ADANIPORTS,0.011239185,0.011430643,0.011393701,0.000677883,0.581545064,375.2,0.019842348
10-02-2009,0.011305289,0.01174924,0.011260151,0.011180173,0.000706662,-0.023476005,0.0,ADANIPORTS,0.011213696,0.011432955,0.011404015,0.000674557,0.505128205,385.5,0.027452026
11-02-2009,0.010945916,0.011002308,0.010982883,0.011032545,0.000253871,-0.012883517,0.0,ADANIPORTS,0.011232429,0.011362221,0.011438162,0.000586237,0.561253561,376.45,-0.023476005
12-02-2009,0.010862062,0.011053099,0.011013691,0.010904702,0.000397405,-0.011302476,0.0,ADANIPORTS,0.011229358,0.011318918,0.011411048,0.000635045,0.492576419,371.6,-0.012883517
13-02-2009,0.010915968,0.011002308,0.011030635,0.010932097,0.000330174,0.002449646,1.0,ADANIPORTS,0.011186979,0.011263903,0.011403547,0.000611634,0.519963702,367.4,-0.011302476
16-02-2009,0.010906984,0.010843958,0.010728721,0.010635319,0.000314492,-0.026472984,0.0,ADANIPORTS,0.011021458,0.011168205,0.011377136,0.00059381,0.420711974,368.3,0.002449646
17-02-2009,0.010376908,0.010374885,0.010335925,0.01025179,0.000189395,-0.035141542,0.0,ADANIPORTS,0.010834133,0.011061411,0.011350959,0.000822884,0.261530913,358.55,-0.026472984
18-02-2009,0.009927691,0.010067149,0.009997042,0.009892612,0.000255823,-0.034108975,0.0,ADANIPORTS,0.010604123,0.010955388,0.011287042,0.001179219,0.264910537,345.95,-0.035141542
19-02-2009,0.009748004,0.010365922,0.009966235,0.010435945,0.000984459,0.053419123,1.0,ADANIPORTS,0.010509539,0.010906383,0.011279931,0.001217967,0.34989011,334.15,-0.034108975
20-02-2009,0.010167273,0.010509333,0.010428348,0.010413115,0.000770037,-0.002130682,0.0,ADANIPORTS,0.010404821,0.010832567,0.011252036,0.001205872,0.327330032,352.0,0.053419123
24-02-2009,0.00997411,0.01043464,0.010260447,0.0102594,0.000507171,-0.014377224,0.0,ADANIPORTS,0.01032897,0.010711441,0.011224375,0.001049278,0.339402428,351.25,-0.002130682
25-02-2009,0.010287065,0.010285253,0.010305118,0.010230483,0.000479093,-0.002744079,0.0,ADANIPORTS,0.010324671,0.010615281,0.011176788,0.000939386,0.378645833,346.2,-0.014377224
26-02-2009,0.010041493,0.010129891,0.010212695,0.010225917,0.000448654,-0.000434468,0.0,ADANIPORTS,0.010391924,0.010533606,0.011099509,0.000826589,0.380628272,345.25,-0.002744079
27-02-2009,0.009965126,0.010064161,0.010129515,0.010120903,0.00081385,-0.009997102,0.0,ADANIPORTS,0.010328356,0.010454242,0.011037311,0.000729119,0.316966721,345.1,-0.000434468
02-03-2009,0.009727041,0.009850539,0.009196047,0.009350801,0.000953272,-0.074052393,0.0,ADANIPORTS,0.010114007,0.010294129,0.010928229,0.000896773,0.17580872,341.65,-0.009997102
03-03-2009,0.008765717,0.009169337,0.009017363,0.009054023,0.000262623,-0.030820294,0.0,ADANIPORTS,0.009870792,0.010134015,0.010798519,0.001180822,0.17466232,316.35,-0.074052393
04-03-2009,0.008884011,0.009239549,0.008710828,0.00927927,0.000975454,0.024135682,1.0,ADANIPORTS,0.009678861,0.010035542,0.010694439,0.001299667,0.237943585,306.6,-0.030820294
05-03-2009,0.008825613,0.009266438,0.008995798,0.009181866,0.000405742,-0.010191083,0.0,ADANIPORTS,0.009468197,0.009963576,0.010604189,0.001432834,0.240128558,314.0,0.024135682
06-03-2009,0.008774701,0.009037877,0.009026605,0.009151427,0.000285826,-0.003217503,0.0,ADANIPORTS,0.009272581,0.009833513,0.010513392,0.001431054,0.231651376,310.8,-0.010191083
09-03-2009,0.008891498,0.009072236,0.008826356,0.008789205,0.000205235,-0.038411879,0.0,ADANIPORTS,0.009159265,0.009669084,0.010392589,0.001467065,0.22717049,309.8,-0.003217503
12-03-2009,0.008815131,0.008806328,0.008803251,0.008789205,0.00030367,0.0,0.0,ADANIPORTS,0.009105831,0.00952022,0.010255691,0.001442557,0.256215119,297.9,-0.038411879
13-03-2009,0.008759727,0.009102113,0.009011202,0.009209261,0.000273403,0.04632427,1.0,ADANIPORTS,0.009091705,0.009416816,0.010154501,0.001248173,0.388363998,297.9,0.0
16-03-2009,0.009119101,0.009161868,0.009229935,0.00922448,0.000181134,0.001604107,1.0,ADANIPORTS,0.009100303,0.009315416,0.010061672,0.00094396,0.260817308,311.7,0.04632427
17-03-2009,0.009119101,0.00944869,0.009242258,0.009168168,0.000471628,-0.005925689,0.0,ADANIPORTS,0.009103681,0.009218947,0.009972516,0.000484093,0.257413998,312.2,0.001604107
,,,,,,,,,,,,,,,
,,,,,,,,,,,,,,,
,,,,,,,,,,,,,,,
,,,,,,,,,,,,,,,
,,,,,,,,,,,,,,,
,,,,,,,,,,,,,,,
,,,,,,,,,,,,,,,
,,,,,,,,,,,,,,,
,,,,,,,,,,,,,,,
,,,,,,,,,,,,,,,
,,,,,,,,,,,,,,,
,,,,,,,,,,,,,,,
,,,,,,,,,,,,,,,
,,,,,,,,,,,,,,,
,,,,,,,,,,,,,,,
,,,,,,,,,,,,,,,
,,,,,,,,,,,,,,,
,,,,,,,,,,,,,,,
,,,,,,,,,,,,,,,
,,,,,,,,,,,,,,,
,,,,,,,,,,,,,,,
,,,,,,,,,,,,,,,
,,,,,,,,,,,,,,,
,,,,,,,,,,,,,,,
,,,,,,,,,,,,,,,
,,,,,,,,,,,,,,,
,,,,,,,,,,,,,,,
,,,,,,,,,,,,,,,
,,,,,,,,,,,,,,,
,,,,,,,,,,,,,,,
,,,,,,,,,,,,,,,
,,,,,,,,,,,,,,,
,,,,,,,,,,,,,,,
,,,,,,,,,,,,,,,
,,,,,,,,,,,,,,,
,,,,,,,,,,,,,,,
,,,,,,,,,,,,,,,
,,,,,,,,,,,,,,,
,,,,,,,,,,,,,,,
,,,,,,,,,,,,,,,
,,,,,,,,,,,,,,,
,,,,,,,,,,,,,,,
,,,,,,,,,,,,,,,
,,,,,,,,,,,,,,,
,,,,,,,,,,,,,,,
,,,,,,,,,,,,,,,
,,,,,,,,,,,,,,,
,,,,,,,,,,,,,,,
,,,,,,,,,,,,,,,
,,,,,,,,,,,,,,,
,,,,,,,,,,,,,,,
,,,,,,,,,,,,,,,
,,,,,,,,,,,,,,,
,,,,,,,,,,,,,,,
,,,,,,,,,,,,,,,
,,,,,,,,,,,,,,,
,,,,,,,,,,,,,,,
,,,,,,,,,,,,,,,
,,,,,,,,,,,,,,,
,,,,,,,,,,,,,,,
,,,,,,,,,,,,,,,
,,,,,,,,,,,,,,,
,,,,,,,,,,,,,,,
,,,,,,,,,,,,,,,
,,,,,,,,,,,,,,,
,,,,,,,,,,,,,,,
,,,,,,,,,,,,,,,
,,,,,,,,,,,,,,,
,,,,,,,,,,,,,,,
,,,,,,,,,,,,,,,
,,,,,,,,,,,,,,,
,,,,,,,,,,,,,,,
,,,,,,,,,,,,,,,
,,,,,,,,,,,,,,,
,,,,,,,,,,,,,,,
,,,,,,,,,,,,,,,
,,,,,,,,,,,,,,,
,,,,,,,,,,,,,,,
,,,,,,,,,,,,,,,
,,,,,,,,,,,,,,,
,,,,,,,,,,,,,,,
,,,,,,,,,,,,,,,
,,,,,,,,,,,,,,,
,,,,,,,,,,,,,,,
,,,,,,,,,,,,,,,
,,,,,,,,,,,,,,,
,,,,,,,,,,,,,,,
,,,,,,,,,,,,,,,
,,,,,,,,,,,,,,,
,,,,,,,,,,,,,,,
,,,,,,,,,,,,,,,
,,,,,,,,,,,,,,,
,,,,,,,,,,,,,,,
,,,,,,,,,,,,,,,
,,,,,,,,,,,,,,,
,,,,,,,,,,,,,,,
,,,,,,,,,,,,,,,
,,,,,,,,,,,,,,,
,,,,,,,,,,,,,,,
,,,,,,,,,,,,,,,
,,,,,,,,,,,,,,,
