Price,Close,High,Low,Open,Volume,pct_change,MA5,MA10,MA20,Volatility,RSI,lag_close_1,lag_pct_1,target
Ticker,RELIANCE.NS,RELIANCE.NS,RELIANCE.NS,RELIANCE.NS,RELIANCE.NS,,,,,,,,,
Date,,,,,,,,,,,,,,
2024-11-29,1287.0595703125,1294.3305794929802,1270.177046170391,1274.9081506356404,13202307,1.6839745390603067,1282.6571533203125,1264.6789794921874,1279.3503967285155,1.7180228217345204,47.14859028714939,1265.7447509765625,-1.7321295773564005,1
2024-12-02,1303.9422607421875,1306.133460567327,1271.9699779978703,1282.876370557777,11024152,1.3117256434050262,1287.0695556640626,1268.8174560546875,1278.2099548339843,1.7222767357265274,55.500236198321666,1287.0595703125,1.6839745390603067,1
2024-12-03,1318.035888671875,1321.5219654799555,1301.8006823317874,1311.7609017834461,16869482,1.0808475462453115,1292.5676025390626,1275.0475708007812,1277.4455078125,1.7068175283931843,60.811982173599475,1303.9422607421875,1.3117256434050262,0
2024-12-04,1303.742919921875,1323.1156203515295,1298.8625094957517,1320.7251432865569,19608540,-1.0844142312697147,1295.705078125,1281.7507934570312,1277.7841491699219,1.6550293261209152,57.02996857096461,1318.035888671875,1.0808475462453115,1
2024-12-05,1316.7908935546875,1324.6593698468237,1300.9541199209712,1309.1214514378748,16858723,1.0008087816572253,1305.914306640625,1291.6163940429688,1278.6183166503906,1.4929717454477922,64.72444087191859,1303.742919921875,-1.0844142312697147,0
2024-12-06,1306.3326416015625,1318.6334884089777,1304.7887589399247,1318.6334884089777,9037514,-0.7942226821521237,1309.7689208984375,1296.213037109375,1277.9310607910156,1.2294588353960767,59.44551090245527,1316.7908935546875,1.0008087816572253,0
2024-12-09,1289.9979248046875,1309.7689372979064,1287.9560310594236,1297.8166732313093,14650002,-1.250425525373744,1306.9800537109375,1297.0248046875,1277.4081481933595,1.2266544679342428,57.10157321337307,1306.3326416015625,-0.7942226821521237,0
2024-12-10,1279.73876953125,1289.7488386952925,1275.107243177966,1284.121290398709,16043729,-0.7952846338873609,1299.3206298828125,1295.9441162109374,1277.4629272460938,1.2340953956438838,59.254476981823224,1289.9979248046875,-1.250425525373744,0
2024-12-11,1273.115234375,1284.8683422637005,1270.9738844056644,1279.8882324099652,11724373,-0.5175693128900094,1293.1950927734374,1294.4500854492187,1277.736834716797,1.2417240557443383,62.46610148381258,1279.73876953125,-0.7952846338873609,0
2024-12-12,1257.876220703125,1273.1152845047754,1255.5853214463157,1264.9479526569407,20906813,-1.19698620049552,1281.412158203125,1293.663232421875,1277.1715942382812,1.1737002334958466,49.356681767204456,1273.115234375,-0.5175693128900094,1
2024-12-13,1267.78662109375,1270.1272485556606,1234.6688884780408,1254.9877622795104,28630222,0.7878676953671393,1273.7029541015625,1291.7359375,1278.2074584960938,1.0542071057511186,46.126495235577394,1257.876220703125,-1.19698620049552,0
2024-12-16,1263.2547607421875,1275.904191603511,1261.511722229068,1269.9280595585296,9486781,-0.3574623896608675,1268.3543212890625,1287.6671875,1278.2423217773437,0.921598283294656,42.32496026310459,1267.78662109375,0.7878676953671393,0
2024-12-17,1240.34619140625,1258.8721754853295,1237.8561365143116,1256.033537225462,17462791,-1.8134560064890004,1260.4758056640626,1279.8982177734374,1277.4728942871093,0.8892429458156815,37.964849915903145,1263.2547607421875,-0.3574623896608675,1
2024-12-18,1248.2645263671875,1254.9378248920182,1235.714673937889,1235.714673937889,12670179,0.6383971681293232,1255.5056640625,1274.3503784179688,1278.0505859375,0.9502178250770422,45.2451820270683,1240.34619140625,-1.8134560064890004,0
2024-12-19,1225.55517578125,1239.947766097918,1224.1109925687356,1234.0712121990753,14244653,-1.8192738883663018,1249.041455078125,1265.226806640625,1278.4216003417969,0.8953426986598593,33.39607867950046,1248.2645263671875,0.6383971681293232,0
2024-12-20,1200.50537109375,1234.5692750261348,1196.7204388413884,1219.1309339507777,20312896,-2.043955684943488,1235.585205078125,1254.6440795898438,1275.4285583496094,0.9903032657393821,23.255198848088156,1225.55517578125,-1.8192738883663018,1
2024-12-23,1217.437744140625,1222.3181546925216,1208.3738466363206,1210.1667348774333,10052824,1.4104370921263154,1226.4218017578125,1247.3880615234375,1272.2064331054687,1.2017280929821073,24.365498654974104,1200.50537109375,-2.043955684943488,1
2024-12-24,1217.8858642578125,1228.6429501715868,1216.1428258096823,1217.4377030050357,6734917,0.03680846263756088,1221.929736328125,1241.2027709960937,1268.5734436035157,1.2132047408948647,26.46093975382651,1217.437744140625,1.4104370921263154,0
2024-12-26,1211.7105712890625,1222.8161189414398,1209.4196721335327,1219.3798917928577,10016178,-0.5070502212055183,1214.6189453125,1235.0623046875,1264.7561950683594,1.2131803510966683,20.062378015783693,1217.8858642578125,0.03680846263756088,1
2024-12-27,1216.1927490234375,1223.0154756156849,1212.1588111658666,1213.4536884394554,7000397,0.36990497900886155,1212.7464599609375,1230.8939575195313,1262.2785949707031,1.2124026173457636,23.413622518416105,1211.7105712890625,-0.5070502212055183,0
2024-12-30,1205.8837890625,1218.3340640862093,1203.294156174512,1211.5611874241417,8818766,-0.8476419522493672,1213.8221435546875,1224.7036743164062,1258.2198059082032,1.1537784322784606,24.27654257570927,1216.1927490234375,0.36990497900886155,1
2024-12-31,1210.6148681640625,1214.2503727116298,1201.3519366916562,1203.1945530395503,6405475,0.39233292166906963,1212.457568359375,1219.4396850585938,1253.5534362792969,1.1874604276901513,28.121037245736545,1205.8837890625,-0.8476419522493672,1
2025-01-01,1216.391845703125,1221.4218053468785,1206.7802092584152,1210.0172807004092,5892590,0.4771936716607028,1212.1587646484375,1217.0442504882812,1248.4712341308593,1.1066229506777945,31.949289358006013,1210.6148681640625,0.39233292166906963,1
2025-01-02,1236.860107421875,1239.4994683243335,1215.1467802555553,1216.3918076943417,15486276,1.6827029703506913,1217.188671875,1215.90380859375,1245.1270935058594,1.2352126398707755,43.527591309369136,1216.391845703125,0.4771936716607028,1
2025-01-03,1246.1729736328125,1257.0296379589822,1230.5852047154665,1238.9518139936486,15521102,0.7529441814037696,1223.184716796875,1217.9655883789062,1241.5961975097657,1.0936085072163746,43.318977064936774,1236.860107421875,1.6827029703506913,0
2025-01-06,1213.15478515625,1256.9797527645217,1210.1667191829588,1248.961727102304,14816766,-2.6495670484899647,1224.638916015625,1219.2305297851562,1236.9373046875,1.2373073766598075,36.832453291702194,1246.1729736328125,0.7529441814037696,1
2025-01-07,1235.913818359375,1239.5493228115217,1216.3918123612464,1217.1388288273843,10070505,1.8760205607393887,1229.6987060546876,1221.0781372070312,1234.2330993652345,1.298832763779812,48.83414332170581,1213.15478515625,-2.6495670484899647,1
2025-01-08,1260.4658203125,1265.9937909556584,1240.395953024955,1244.0314575822304,19346579,1.986546439436765,1238.5135009765625,1225.3361328125,1233.2694519042968,1.419312160296407,52.95110030369291,1235.913818359375,1.8760205607393887,0
2025-01-09,1249.758544921875,1264.6988742096441,1243.0852464738894,1261.9598138402198,12794704,-0.8494697133453744,1241.0931884765625,1229.1409301757812,1232.1016174316405,1.4462509738333802,56.214839082578244,1260.4658203125,1.986546439436765,0
2025-01-10,1236.959716796875,1251.750618829338,1231.0831628192257,1248.8621307808614,8120332,-1.024104070102605,1239.250537109375,1231.217626953125,1231.0557922363282,1.5067277871582583,59.98905543595624,1249.758544921875,-0.8494697133453744,0
2025-01-13,1234.9178466796875,1240.2963897717905,1221.5213994754447,1225.1070543419412,13764861,-0.16507167448225335,1243.6031494140625,1234.1210327148438,1229.412353515625,1.4700305802761175,55.215421070305496,1236.959716796875,-1.024104070102605,0
2025-01-14,1233.822265625,1248.3641626627486,1222.3680125031533,1239.1509590647415,13095266,-0.08871691810375948,1243.1848388671874,1236.4417724609375,1227.9407287597655,1.4726495083586815,54.736537343800684,1234.9178466796875,-0.16507167448225335,1
2025-01-15,1247.2186279296875,1251.9995818882041,1236.90982514039,1239.9974688456068,9578856,1.0857611082177643,1240.535400390625,1239.5244506835938,1228.2843505859375,1.4977447989974817,60.11916937664286,1233.822265625,-0.08871691810375948,1
2025-01-16,1261.4119873046875,1269.9280238633037,1246.3223515830243,1253.8920943102864,14117603,1.138000913164694,1242.8660888671875,1241.979638671875,1228.9417236328125,1.449408107206026,62.21081250708712,1247.2186279296875,1.0857611082177643,1
2025-01-17,1297.169189453125,1320.7251333812799,1279.888232575373,1316.9900509904955,29366277,2.8346965549963965,1254.9079833984374,1247.0792602539063,1232.5224243164062,1.669451249297477,71.67178266141465,1261.4119873046875,1.138000913164694,1
2025-01-20,1300.2568359375,1310.764916385877,1295.0775703121099,1310.764916385877,14040244,0.2380295885440198,1267.97578125,1255.7894653320313,1237.5099975585938,1.286379188452599,71.44899216926767,1297.169189453125,2.8346965549963965,0
2025-01-21,1268.6331787109375,1307.776892128252,1265.1471016946018,1305.2868371165837,14562976,-2.432108515219722,1274.9379638671876,1259.0614013671875,1240.0697692871095,1.5452914810225302,61.12407015872999,1300.2568359375,0.2380295885440198,1
2025-01-22,1272.0196533203125,1277.7966294698952,1263.6530443254642,1273.2149526536994,10273590,0.26693883355755066,1279.8981689453126,1260.2167846679688,1242.7764587402344,1.4242818299495665,58.07410322782479,1268.6331787109375,-2.432108515219722,0
2025-01-23,1258.6231689453125,1272.2686211078578,1256.581275301743,1264.9478840486133,8720682,-1.0531664616998282,1279.3404052734375,1261.1032470703126,1245.122088623047,1.4407374911118014,52.80644983765341,1272.0196533203125,0.26693883355755066,0
2025-01-24,1241.34228515625,1267.9360243063209,1238.5533748820974,1260.9638702056575,14235970,-1.3729990211083898,1268.1750244140626,1261.54150390625,1246.3795654296875,1.4742804780448524,56.839081140636665,1258.6231689453125,-1.0531664616998282,0
2025-01-27,1224.4595947265625,1235.515414368934,1215.1468135462453,1234.1708090151494,9536019,-1.3600350710330056,1253.015576171875,1260.4956787109375,1247.3083557128907,1.5401678164513415,47.139309322144996,1241.34228515625,-1.3729990211083898,1
2025-01-28,1229.4896240234375,1239.7984277662488,1213.6528493538253,1233.0752790316255,10568025,0.4107958579064652,1245.186865234375,1260.0624145507813,1248.2520935058594,1.5477320615261256,41.42780604506265,1224.4595947265625,-1.3600350710330056,1
2025-01-29,1230.585205078125,1237.8063647194172,1223.1648896668228,1231.0832160878692,5928156,0.08910860517084007,1236.8999755859375,1258.399072265625,1248.9617614746094,1.4996424951646634,44.395944563137135,1229.4896240234375,0.4107958579064652,1
2025-01-30,1248.0654296875,1251.9996679975989,1227.497550840604,1230.635044492625,9269259,1.4204806410186954,1234.788427734375,1257.0644165039062,1249.5220275878905,1.528440923881609,53.15955513819277,1230.585205078125,0.08910860517084007,1
2025-01-31,1260.0673828125,1261.9598488917904,1244.0314532484974,1250.8541794958078,6584612,0.9616445451906319,1238.533447265625,1253.3542358398438,1250.216748046875,1.211272720221704,56.77125340411392,1248.0654296875,1.4204806410186954,0
2025-02-01,1259.5693359375,1265.495739501575,1236.0632421918099,1260.0673469134033,7118453,-0.03952541600500403,1245.5553955078126,1249.2854858398437,1252.5374755859375,1.2011414022061933,56.95451014424707,1260.0673828125,0.9616445451906319,0
2025-02-03,1240.94384765625,1251.003645649064,1232.6270881824535,1246.0235355947286,9252345,-1.4787187771117871,1247.846240234375,1246.516552734375,1252.7889770507813,1.0412610087071597,48.351689227538905,1259.5693359375,-0.03952541600500403,1
2025-02-04,1280.08740234375,1283.6731787459128,1241.6409781641657,1243.0852829885687,16691069,3.1543373023227295,1257.7466796875,1247.3233276367187,1253.7700561523438,1.4924865400992875,54.33727117832002,1240.94384765625,-1.4787187771117871,0
2025-02-05,1273.115234375,1285.366353249074,1271.6212014188793,1277.5476050956522,10112028,-0.5446634312613718,1262.756640625,1248.7725341796875,1254.937890625,1.4581132726797386,43.55138731077961,1280.08740234375,3.1543373023227295,1
2025-02-06,1276.4520263671875,1282.8763195509282,1265.2965071593937,1268.6331564996678,9956001,0.2620966195432839,1266.0335693359375,1252.2835083007812,1256.9125061035156,1.359959991870555,43.62669448567837,1273.115234375,-0.5446634312613718,0
2025-02-07,1261.6610107421875,1278.5933846345008,1256.979756005846,1271.073491533156,8764283,-1.1587600097353934,1266.451904296875,1256.0036499023438,1258.2496643066406,1.3341099691464606,47.9484136448668,1276.4520263671875,0.2620966195432839,0
2025-02-10,1248.6629638671875,1261.461821832557,1240.5952102474196,1259.469777897567,6970972,-1.0302329044276082,1267.9957275390625,1257.9209838867187,1258.99169921875,1.3980289771003298,43.49515276045838,1261.6610107421875,-1.1587600097353934,0
2025-02-11,1229.937744140625,1259.5196705337273,1225.2066396338644,1259.5196705337273,8859714,-1.4996216167547205,1257.9657958984376,1257.8562377929688,1258.1276550292969,1.494383634171771,42.24138215660858,1248.6629638671875,-1.0302329044276082,0
2025-02-12,1211.7105712890625,1222.0193743195214,1188.6027887286011,1214.5989377224967,21131654,-1.4819589803139244,1245.68486328125,1254.220751953125,1255.6425842285157,1.4705240180925185,42.02625384409702,1229.937744140625,-1.4996216167547205,0
2025-02-13,1211.2623291015625,1223.1150152108587,1207.1786632211406,1212.2086229517822,8511216,-0.03699251274362769,1232.646923828125,1249.3402465820313,1251.3472412109375,1.4090401154848724,46.10409453495043,1211.7105712890625,-1.4819589803139244,1
2025-02-14,1212.40771484375,1219.1308629852126,1200.6546072366423,1214.1507532507958,10298145,0.09456132785348181,1222.7962646484375,1244.6240844726562,1246.95478515625,1.4133287425893597,44.83895595215702,1211.2623291015625,-0.03699251274362769,1
2025-02-17,1220.02734375,1222.6169765728448,1199.7084711054922,1206.2821918357026,8166683,0.6284708364159508,1217.069140625,1242.5324340820312,1244.5244934082032,1.3868250723998203,46.931085137638114,1212.40771484375,0.09456132785348181,1
2025-02-18,1220.525390625,1225.0074896525716,1211.2623373341316,1219.9775298877432,6673250,0.04082259939102162,1215.186669921875,1236.5762329101562,1241.9497802734375,0.7737144770363621,41.117879201141406,1220.02734375,0.6284708364159508,1
2025-02-19,1222.567138671875,1227.8461038341088,1212.706618273488,1214.6488125132394,6217338,0.16728435660231522,1217.3579833984375,1231.5214233398438,1240.1469787597657,0.7987016066904667,37.07517052081002,1220.525390625,0.04082259939102162,1
2025-02-20,1228.0950927734375,1234.4198079853766,1217.1388510698625,1219.0810452834291,7795582,0.4521595523635513,1220.7245361328125,1226.6857299804688,1239.484619140625,0.8182674526887381,39.51560762933029,1222.567138671875,0.16728435660231522,0
2025-02-21,1223.264404296875,1235.0672403005465,1217.2882724889691,1223.8121434284387,6904025,-0.3933480806973422,1222.8958740234375,1222.8460693359375,1239.4248596191405,0.7720747659242618,43.51478037212434,1228.0950927734375,0.4521595523635513,0
2025-02-24,1209.718505859375,1218.3838481751116,1205.68456833515,1211.7105497558396,7172498,-1.107356544498339,1220.8341064453125,1218.9516235351562,1238.4363037109374,0.780454060030404,18.218696246636966,1223.264404296875,-0.3933480806973422,0
2025-02-25,1199.21044921875,1216.1428226711741,1196.7203942992758,1206.1826029932777,11552182,-0.8686365125215811,1216.5711181640625,1215.8788940429688,1236.8675659179687,0.6947084321052042,17.654821206856397,1209.718505859375,-1.107356544498339,1
2025-02-27,1202.298095703125,1210.166693583284,1195.8738026303336,1207.975493883109,11509215,0.25747328055609753,1212.5173095703126,1214.937646484375,1234.57919921875,0.5560335045272732,17.474848609779997,1199.21044921875,-0.8686365125215811,0
2025-02-28,1195.325927734375,1212.5073065135477,1188.5530513693543,1197.218393771922,23007298,-0.579903436066953,1205.9634765625,1213.3440063476562,1231.3421264648437,0.5778193954594999,18.761705371277998,1202.298095703125,0.25747328055609753,0
2025-03-03,1166.5906982421875,1201.6506219268736,1151.4013636439433,1199.2104168056296,17944938,-2.403966050217987,1194.6287353515625,1208.7623046875,1226.6931945800782,0.91268062873996,16.339845721289024,1195.325927734375,-0.579903436066953,0
2025-03-04,1157.2779541015625,1169.3297956512124,1154.9373267832577,1157.576687742468,11377373,-0.7982871931567215,1184.140625,1202.4873657226562,1222.5098999023437,0.846513293876983,17.70693518372839,1166.5906982421875,-2.403966050217987,1
2025-03-05,1170.9234619140625,1178.2940491759787,1152.3974766666165,1156.3815647449799,8664095,1.1791037549914618,1178.4832275390625,1197.5271728515625,1217.0517028808595,0.9944183793774757,31.10289659665729,1157.2779541015625,-0.7982871931567215,1
2025-03-06,1204.7882080078125,1209.1208794668382,1180.4355183146993,1192.2383549047067,14468014,2.892140024113332,1178.98125,1195.7492797851562,1213.6353515625,1.4424413685349544,47.709661259954046,1170.9234619140625,1.1791037549914618,1
2025-03-07,1244.828369140625,1249.8084792402678,1207.178688153437,1211.1627762331514,16474965,3.3234190762060356,1188.88173828125,1197.422607421875,1212.0541687011719,1.8113551931782537,58.99423344978414,1204.7882080078125,2.892140024113332,0
2025-03-10,1233.4736328125,1252.9956391209716,1230.4855669004469,1240.0473535020744,11931051,-0.912152760140239,1202.2583251953124,1198.4435302734375,1210.6447998046874,1.835912140077813,53.65457146573026,1244.828369140625,3.3234190762060356,1
2025-03-11,1242.3382568359375,1244.5294565449083,1224.858022557904,1235.0672477916657,10089838,0.7186715457569104,1219.2703857421875,1201.7055053710938,1210.328564453125,1.7929925862495277,55.67063112511369,1233.4736328125,-0.912152760140239,1
2025-03-12,1252.0494384765625,1257.9757204337955,1239.0513034201438,1252.995610693361,11977555,0.7816857918678366,1235.4955810546876,1206.989404296875,1211.434149169922,1.750897334277612,57.37052546644279,1242.3382568359375,0.7186715457569104,0
2025-03-13,1242.9359130859375,1259.1212710412995,1238.901975238559,1255.0376050433522,9505270,-0.7278886208929469,1243.1251220703125,1211.0531860351562,1212.9954162597655,1.7899656657942116,53.64483650160932,1252.0494384765625,0.7816857918678366,0
2025-03-17,1233.9217529296875,1252.3980085038181,1228.1946267891797,1237.208673957254,16640917,-0.7252312899922453,1240.943798828125,1214.9127685546875,1214.1283874511719,1.7988976170706725,52.56469385536895,1242.9359130859375,-0.7278886208929469,0
2025-03-18,1233.9217529296875,1233.9217529296875,1233.9217529296875,1233.9217529296875,0,0.0,1241.0334228515626,1221.6458740234375,1215.2040893554688,1.5336050131447148,56.23074036806284,1233.9217529296875,-0.7252312899922453,1
2025-03-19,1242.1888427734375,1248.2645525643281,1233.8720835165427,1236.113132982547,16162399,0.6699849341436304,1241.0035400390625,1230.136962890625,1216.3121643066406,1.456039735509258,61.19325071261483,1233.9217529296875,0.0,1
2025-03-20,1264.101318359375,1267.9359786597456,1245.0773228865291,1246.8700894970418,15971477,1.7640212849612702,1243.413916015625,1239.4547485351563,1218.4909606933593,1.4879324967732162,64.6586277941008,1242.1888427734375,0.6699849341436304,1
2025-03-21,1271.2725830078125,1275.9041093610767,1265.0474458622177,1269.927977701306,21780769,0.5673014136038379,1249.08125,1246.1031860351563,1220.9262329101562,1.2893567959022147,67.99620264808024,1264.101318359375,1.7640212849612702,1
2025-03-24,1296.920166015625,1300.8046759652354,1279.141198398433,1285.86434660882,20299319,2.017473148609139,1261.6809326171874,1251.3123657226563,1224.3674865722655,1.013385211566822,81.34128348908195,1271.2725830078125,0.5673014136038379,0
2025-03-25,1280.33642578125,1302.497915186312,1277.4977874103538,1302.497915186312,13713899,-1.2787017018420888,1270.9638671875,1255.9986450195313,1227.2210876464844,1.0716905052702848,78.59287525888578,1296.920166015625,2.017473148609139,0
2025-03-26,1267.98583984375,1288.6532960847499,1263.7028966635362,1285.8643858858131,12074747,-0.9646359885421396,1276.1232666015626,1258.5634033203125,1230.134454345703,1.1422399975449333,72.68916555142432,1280.33642578125,-1.2787017018420888,1
2025-03-27,1273.115234375,1279.8882324099652,1266.242780044616,1273.0655062272906,15028056,0.4045309001149411,1277.9260498046874,1260.6699829101562,1233.8296936035156,1.1274112605549804,68.45075436682302,1267.98583984375,-0.9646359885421396,0
2025-03-28,1270.027587890625,1290.5954658598978,1263.9518781988888,1274.9081198538831,18147129,-0.24252686646160093,1277.67705078125,1263.379150390625,1237.2161682128906,1.0942940597024335,58.50130135406714,1273.115234375,0.4045309001149411,0
2025-04-01,1247.6170654296875,1272.8164693011493,1244.330265958221,1259.5693287834792,12099648,-1.7645697364857216,1267.8164306640624,1264.748681640625,1239.8307250976563,1.2345438692519877,54.440253577672536,1270.027587890625,-0.24252686646160093,0
2025-04-02,1246.1729736328125,1250.5554948342144,1238.9518139936486,1242.5873186806543,10142590,-0.1157479996779065,1260.983740234375,1265.9738037109375,1243.8098388671874,1.236307071158274,51.26272208376879,1247.6170654296875,-1.7645697364857216,0
2025-04-03,1243.732666015625,1246.8204315907722,1228.145018441354,1228.145018441354,7434366,-0.19582414871938125,1256.13310546875,1266.1281860351562,1248.1325744628907,1.22264084675848,47.123664970358945,1246.1729736328125,-0.1157479996779065,0
2025-04-04,1199.9075927734375,1240.4954871764826,1188.4036122186155,1236.1628160172713,17908652,-3.5236730882516665,1241.4915771484375,1259.7088134765625,1249.5817810058593,1.4968305100638128,37.999950976854265,1243.732666015625,-0.19582414871938125,0
2025-04-07,1161.062744140625,1166.590714623955,1110.415052053189,1127.6960086529814,22156106,-3.237320012537581,1219.6986083984375,1248.6878295898437,1247.3955078125,1.6665818291111274,32.57916940785154,1199.9075927734375,-3.5236730882516665,1
2025-04-08,1177.4971923828125,1191.8399338970503,1158.6724733291408,1167.3378163352843,19555040,1.4154659879601628,1205.6746337890625,1236.7455322265625,1244.0289489746094,1.557165056863229,37.49173295635975,1161.062744140625,-3.237320012537581,1
2025-04-09,1180.6346435546875,1185.0670143686195,1163.3536863154889,1164.8477193030515,10223104,0.26645084100167526,1192.5669677734375,1226.7753540039062,1241.3869995117188,1.5971068718984225,36.03702989905166,1177.4971923828125,1.4154659879601628,1
2025-04-11,1214.1009521484375,1217.786306450343,1190.3957018139643,1190.3957018139643,11224242,2.834603302253491,1186.640625,1221.386865234375,1239.9751342773438,1.9625533248840148,39.22281714969808,1180.6346435546875,0.26645084100167526,1
2025-04-15,1235.1668701171875,1246.0235343416643,1232.1788040875913,1246.0235343416643,13378535,1.7351043116696552,1193.69248046875,1217.5920288085938,1239.131005859375,2.0666964120823326,42.657498200233356,1214.1009521484375,2.834603302253491,0
2025-04-16,1234.3701171875,1235.9637280756608,1224.1110419207541,1229.1907298200806,8248464,-0.06450569141414064,1208.353955078125,1214.0262817382813,1238.7027160644532,2.0678482964815017,35.84949949518716,1235.1668701171875,1.7351043116696552,1
2025-04-17,1269.4300537109375,1275.1073305428426,1222.7165970526498,1235.266450081142,15398401,2.8403098904663304,1226.74052734375,1216.2075805664062,1240.4781311035156,2.204987594574175,47.723031771282244,1234.3701171875,-0.06450569141414064,1
2025-04-21,1290.346435546875,1295.7249783909904,1261.9598099867933,1264.947875835223,10429964,1.6476986482864886,1248.6828857421874,1220.6249267578125,1243.299365234375,2.2474383441972616,54.507110870528024,1269.4300537109375,2.8403098904663304,0
2025-04-22,1286.0635986328125,1298.713151385602,1281.1831879455033,1294.8286411452223,13051707,-0.3319137245686554,1263.0754150390626,1224.8580200195313,1245.4931030273438,2.2516656607953944,52.61887303009878,1290.346435546875,1.6476986482864886,1
2025-04-23,1294.82861328125,1300.8047453425481,1280.286716249035,1291.840547250601,10480888,0.6815381959146771,1275.007763671875,1234.3501220703124,1247.0294677734375,1.7918651838230535,54.90352246540721,1286.0635986328125,-0.3319137245686554,1
2025-04-24,1296.4222412109375,1299.3107293954529,1285.1672652984741,1287.2588872304611,10468940,0.12307636032609093,1287.4181884765626,1247.8860717773437,1248.2869506835937,1.158012502375424,60.515048323586555,1294.82861328125,0.6815381959146771,0
2025-04-25,1295.22705078125,1319.928323767296,1282.9759313802824,1298.3146947064158,14431012,-0.092191447484824,1292.577587890625,1259.6590576171875,1248.202294921875,1.2114275324765473,60.58002119948207,1296.4222412109375,0.12307636032609093,1
2025-04-28,1363.35498046875,1369.1318351951852,1314.9482133535364,1334.669497851195,31104496,5.259921775599641,1307.179296875,1277.9310913085938,1252.35322265625,1.7852087773889267,70.10379876055302,1295.22705078125,-0.092191447484824,1
2025-04-29,1394.1319580078125,1405.2874774645995,1364.5501529607263,1365.5461749701867,32538970,2.2574441711784132,1328.79296875,1295.9341918945313,1258.6605285644532,1.7448237231841113,84.13869990722328,1363.35498046875,5.259921775599641,1
2025-04-30,1399.410888671875,1406.7814756764847,1363.5540972183608,1396.4228227174156,25480745,0.37865358682445116,1349.709423828125,1312.35859375,1264.9753112792969,1.7689252640101814,97.49906828702014,1394.1319580078125,2.2574441711784132,1
2025-05-02,1414.152099609375,1421.024554216323,1403.4945911426703,1408.3751233126775,13007841,1.05338689707426,1373.2553955078124,1330.3367919921875,1272.1815368652344,1.7095454112093893,97.48207553038648,1399.410888671875,0.37865358682445116,1
2025-05-05,1425.6063232421875,1433.773654928142,1421.2238021682567,1425.3074680112338,12685649,0.8099711223408246,1399.33125,1345.9544189453125,1281.0809997558595,1.6360653516127024,97.56339311362173,1414.152099609375,1.05338689707426,0
2025-05-06,1415.2476806640625,1426.3035005201455,1404.9886054552057,1425.3074785225756,14084117,-0.7266131195719505,1409.7097900390625,1358.4445434570312,1289.534735107422,1.7300349803673636,92.90424076037486,1425.6063232421875,0.8099711223408246,0
2025-05-07,1400.4068603515625,1418.733688530858,1397.1199392858432,1415.2476117092147,13440169,-1.0486376706539735,1410.9647705078125,1369.8788696289062,1297.3684448242188,1.801993894833405,86.20690946440416,1415.2476806640625,-0.7266131195719505,1
2025-05-08,1401.4029541015625,1415.1481063364454,1392.438756100913,1398.51446598441,16106175,0.07112888248419491,1411.36318359375,1380.5363037109375,1307.443212890625,1.8193293646241493,86.56780795669373,1400.4068603515625,-1.0486376706539735,0
2025-05-09,1371.721435546875,1389.251519832932,1369.032224808638,1379.9884666950659,13668904,-2.1179860130747574,1402.87705078125,1388.0662231445312,1317.9761474609375,2.0380389268984547,72.93432072923811,1401.4029541015625,0.07112888248419491,1
2025-05-12,1430.7855224609375,1433.275577320772,1394.430721507353,1394.430721507353,10674081,4.305836840007893,1403.912890625,1401.6220703125,1330.6405639648438,2.3294855539893136,76.88785495365755,1371.721435546875,-2.1179860130747574,0
2025-05-13,1410.0682373046875,1441.9409399606418,1406.7814377941193,1427.7974767909468,11407896,-1.4479658083635383,1402.877001953125,1406.2933959960938,1342.1122436523438,1.9006051718768908,72.33580911421573,1430.7855224609375,4.305836840007893,1
2025-05-14,1418.7337646484375,1424.2118856620737,1409.8691445094285,1414.3512435205853,5570160,0.6145466662176524,1406.5423828125,1408.7535766601563,1352.3438842773437,1.7852482812164225,72.32589086382063,1410.0682373046875,-1.4479658083635383,1
2025-05-15,1448.4151611328125,1455.5865925696291,1407.0802476372012,1419.3313670179805,20177211,2.0921047503038803,1415.94482421875,1413.65400390625,1363.006298828125,1.8848947814302968,74.86959265931907,1418.7337646484375,0.6145466662176524,1
2025-05-16,1450.6064453125,1455.1881221330052,1441.542669553187,1447.4191020051853,9036695,0.15128840393894283,1431.721826171875,1417.2994384765625,1373.818115234375,1.8695778931465443,75.3410950558836,1448.4151611328125,2.0921047503038803,0
2025-05-19,1435.0684814453125,1448.81351147394,1432.4787270944578,1446.3234565863577,6195791,-1.0711357251580567,1432.57841796875,1418.245654296875,1382.1000366210938,1.9035783749889725,64.11761115380604,1450.6064453125,0.15128840393894283,0
2025-05-20,1418.932861328125,1439.2517336495314,1416.1440727881434,1432.4787356808251,11270560,-1.1243797996968508,1434.3513427734374,1418.6141723632813,1388.5293579101562,1.9263775765852404,55.181003217710305,1435.0684814453125,-1.0711357251580567,1
2025-05-21,1423.5145263671875,1430.486680037078,1412.458707007589,1418.235682967954,6136364,0.32289512519809715,1435.3074951171875,1420.9249389648437,1395.401904296875,1.8885138076176848,55.05005373404283,1418.932861328125,-1.1243797996968508,0
2025-05-22,1403.79345703125,1418.1361984129633,1391.3431818014155,1415.5464438973825,12134466,-1.38537886130784,1426.383154296875,1421.1639892578125,1400.850146484375,1.9528812925028884,47.874079188533486,1423.5145263671875,0.32289512519809715,1
2025-05-23,1421.124267578125,1428.0964217220903,1401.0045498118507,1401.0045498118507,6474883,1.2345698336225563,1420.48671875,1426.1042724609374,1407.0852478027343,1.8260517848850761,49.10180607504642,1403.79345703125,-1.38537886130784,1
2025-05-26,1429.0924072265625,1435.2676949623963,1419.430920923106,1426.3034970063507,4842944,0.5606926734152973,1419.29150390625,1425.9349609375,1413.778515625,1.2086457590989519,52.8012914750004,1421.124267578125,1.2345698336225563,0
2025-05-27,1416.44287109375,1431.2836233071982,1408.275539274527,1420.4269591196573,12640414,-0.8851447302390625,1418.793505859375,1426.5724243164063,1416.43291015625,1.1454528357437808,53.27369753105187,1429.0924072265625,0.5606926734152973,0
2025-05-28,1407.279541015625,1416.9409060075968,1405.0882196135674,1414.4508509493858,5944611,-0.646925496617401,1415.5465087890625,1425.427001953125,1417.0902893066407,1.1459570701774133,51.16097133709576,1416.44287109375,-0.8851447302390625,1
2025-05-29,1412.1600341796875,1414.3512339364067,1402.996558868143,1406.4826358531975,13771917,0.3468033906426582,1417.21982421875,1421.8014892578126,1417.7277465820312,0.8816293229327798,58.85691796911136,1407.279541015625,-0.646925496617401,1
2025-05-30,1415.2476806640625,1424.9090454066043,1404.0921613404494,1412.3591925541664,13788484,0.21864706617111818,1416.0445068359375,1418.2656127929688,1417.7825256347655,0.8852828854802879,45.491357898748774,1412.1600341796875,0.3468033906426582,0
2025-06-02,1408.0762939453125,1411.8612262898896,1390.0483195350275,1406.4826830156508,8098668,-0.5067230857700444,1411.8412841796876,1415.5663940429688,1416.906024169922,0.8436260607015085,49.37267897371233,1415.2476806640625,0.21864706617111818,0
2025-06-03,1399.908935546875,1420.8253977642241,1397.8173136420837,1416.6421539546416,11252626,-0.5800366381819577,1408.5344970703125,1413.6640014648438,1416.1390869140625,0.7923915896832822,44.05285188376041,1408.0762939453125,-0.5067230857700444,1
2025-06-04,1417.8372802734375,1420.0284799827916,1400.506473605418,1409.0722382665938,8126827,1.280679355015235,1410.646044921875,1413.0962768554687,1417.0106079101563,0.9035776592887574,39.56490658597224,1399.908935546875,-0.5800366381819577,1
2025-06-05,1436.662109375,1448.913106617055,1417.9368477633755,1422.3193687346825,13716817,1.3277143550585846,1415.5464599609375,1416.3831420898437,1418.7735656738282,0.859742054973894,45.72648165745113,1417.8372802734375,1.280679355015235,1
2025-06-06,1437.7576904296875,1445.7258660607492,1431.28354772945,1435.2676355449807,8182161,0.07625878399228903,1420.0484619140625,1418.046484375,1422.0753784179688,0.7848823116809899,50.90420440683698,1436.662109375,1.3277143550585846,1
2025-06-09,1443.0367431640625,1451.70208605586,1439.5506661134996,1451.204075048637,7885125,0.3671726306536005,1427.0405517578124,1419.44091796875,1422.687939453125,0.7751122144074379,58.74284155744332,1437.7576904296875,0.07625878399228903,0
2025-06-10,1432.777587890625,1448.1163503747662,1430.2875329933524,1444.2318404180787,7913181,-0.7109420686643664,1433.6142822265624,1421.0743896484375,1423.8234069824218,0.7521322949416138,53.22694640367895,1443.0367431640625,0.3671726306536005,1
2025-06-11,1443.13623046875,1462.7578142878924,1437.3592545136698,1440.0485867347081,8195700,0.7229763129792621,1438.674072265625,1424.66005859375,1425.0435302734375,0.7216157297251373,64.66216105557952,1432.777587890625,-0.7109420686643664,0
2025-06-12,1435.865234375,1451.2039968882907,1428.6939248911115,1447.7179200254843,8828114,-0.5038329674107223,1438.514697265625,1427.0305786132812,1424.416033935547,0.7586784789776215,55.93893361031766,1443.13623046875,0.7229763129792621,0
2025-06-13,1422.2198486328125,1429.7895915718395,1408.6739736495979,1418.335338487147,9757276,-0.9503249619472132,1435.40712890625,1427.7277954101562,1422.9967041015625,0.8362986382988694,47.35226285116613,1435.865234375,-0.5038329674107223,1
2025-06-16,1432.0804443359375,1436.6621211041454,1418.7337255535563,1421.223780491138,8458093,0.6933242924857197,1433.215869140625,1430.1282104492188,1422.8473022460937,0.833264441331692,56.156874053781266,1422.2198486328125,-0.9503249619472132,0
2025-06-17,1425.506591796875,1442.2398094911548,1420.12817043809,1442.2398094911548,10366599,-0.45904212749101614,1431.761669921875,1432.6879760742188,1423.1759887695312,0.8219276410593352,57.32578951086829,1432.0804443359375,0.6933242924857197,0
2025-06-18,1424.4110107421875,1437.0605628519918,1420.028489708749,1424.3114328610282,6681735,-0.0768555586478592,1428.0166259765624,1433.3453491210937,1423.2208129882813,0.7274168078665172,55.07840251956774,1425.506591796875,-0.45904212749101614,1
2025-06-19,1427.598388671875,1434.1721095891817,1420.0285241646616,1424.4110453044384,10007230,0.2237681333301822,1426.3632568359376,1432.4389770507812,1424.4110595703125,0.5807080537316957,55.115514554722665,1424.4110107421875,-0.0768555586478592,1
2025-06-20,1460.367431640625,1465.148385952672,1422.4190171371765,1425.3075053013417,29010635,2.2953964664555127,1433.9927734375,1434.699951171875,1426.3732177734375,0.9474897438071199,67.86927288821552,1427.598388671875,0.2237681333301822,0
2025-06-23,1451.0048828125,1457.9770367383994,1436.2637087352834,1447.2199506188397,5989078,-0.6411091226272259,1437.7776611328125,1435.4967651367188,1427.4688415527344,0.9762259640891946,67.31937008134656,1460.367431640625,2.2953964664555127,0
2025-06-24,1445.0286865234375,1469.1323689599471,1437.359244595668,1459.1721495093714,16402744,-0.41186603572820335,1441.682080078125,1436.721875,1428.8981323242188,0.954341698677658,60.02937420868835,1451.0048828125,-0.6411091226272259,1
2025-06-25,1461.463134765625,1466.5428226679085,1454.690136506102,1458.1762135192969,7525851,1.13730948011328,1449.0925048828126,1438.5545654296875,1431.6073120117187,0.9931191363420039,59.31189935797073,1445.0286865234375,-0.41186603572820335,1
2025-06-26,1489.3516845703125,1492.8377614283193,1459.2717484446844,1463.2558362824063,14657893,1.9082622846425812,1461.4431640625,1443.9032104492187,1435.46689453125,1.1081495047635026,66.12701121180949,1461.463134765625,1.13730948011328,1
2025-06-27,1509.3717041015625,1515.9454247275912,1490.9452978220222,1493.4353527246628,11117052,1.3442103526425164,1471.2440185546875,1452.6183959960938,1440.173095703125,1.039371615922749,68.9851323609766,1489.3516845703125,1.9082622846425812,0
2025-06-30,1494.630615234375,1518.734421010171,1490.0489382705405,1507.7781788170053,8409527,-0.9766374198701411,1479.9691650390625,1458.8734130859375,1444.5008117675782,1.1511015983028285,67.25960876857613,1509.3717041015625,1.3442103526425164,1
2025-07-01,1522.320068359375,1525.3081343971446,1494.132596769193,1494.630607775488,10368523,1.8525950721715922,1495.42744140625,1468.5547607421875,1450.6213684082031,1.1834153174948456,70.14700730253465,1494.630615234375,-0.9766374198701411,0
2025-07-02,1512.75830078125,1523.9136988316197,1502.6983810571346,1522.3200879079554,6361002,-0.6281049417176665,1505.686474609375,1477.3894897460937,1455.3674194335938,1.2336120777284452,69.33872768199787,1522.320068359375,1.8525950721715922,0
2025-07-03,1511.76220703125,1525.8060926058627,1506.9812529023668,1514.7502729656235,11283291,-0.06584619297647087,1510.1685791015625,1485.8058715820312,1459.1224243164063,1.2470238219870475,74.05027557467402,1512.75830078125,-0.6281049417176665,1
2025-07-04,1521.2244873046875,1523.913698138102,1511.1645675851503,1517.9375659885409,6603501,0.6259106246622848,1512.5391357421875,1491.8915771484376,1463.2957641601563,1.0944894712415885,73.99463243199196,1511.76220703125,-0.06584619297647087,1
2025-07-07,1535.367919921875,1538.65484117058,1518.933556847784,1520.5271677380254,7251074,0.9297400045306103,1520.6865966796875,1500.327880859375,1467.9123229980469,1.0373929099984962,78.4132137684042,1521.2244873046875,0.6259106246622848,0
2025-07-08,1531.4833984375,1538.7544076502807,1524.1128113419518,1529.8897875590692,7171261,-0.25300264737670997,1522.5192626953126,1508.9733520507812,1472.8476135253907,1.0217583065004745,77.29811420344593,1535.367919921875,0.9297400045306103,0
2025-07-09,1512.9573974609375,1544.8301010282516,1504.0927774643353,1530.586937987722,8870660,-1.2096769051145873,1522.55908203125,1514.1227783203126,1476.338671875,1.143696042380192,70.18368669984523,1531.4833984375,-0.25300264737670997,0
2025-07-10,1511.16455078125,1518.6347158851345,1501.5031858807802,1513.654605815878,10047129,-0.11849948205391314,1522.43955078125,1516.3040649414063,1480.1036376953125,1.0090714567381225,64.07284208304984,1512.9573974609375,-1.2096769051145873,0
2025-07-11,1489.2520751953125,1508.9733598189127,1484.3716645666439,1505.9852937598653,7234991,-1.4500390162414223,1516.045068359375,1514.2921020507813,1483.4552490234375,1.0283544095808208,59.907101457982215,1511.16455078125,-0.11849948205391314,0
2025-07-14,1477.7977294921875,1494.0329360309418,1473.2160528053016,1486.263916129696,10311846,-0.7691341105986238,1504.5310302734374,1512.6088134765625,1485.74111328125,1.0113104604567407,58.253862445055006,1489.2520751953125,-1.4500390162414223,1
2025-07-15,1479.4910888671875,1490.5469086437597,1476.503022895967,1480.2878335086834,8132454,0.1145866813303309,1494.132568359375,1508.3259155273438,1488.4403381347656,0.7532284937220514,54.905132345741656,1477.7977294921875,-0.7691341105986238,1
2025-07-16,1479.690185546875,1485.068728397248,1465.6463003598592,1467.1403332858122,10409983,0.013457105702463501,1487.4791259765625,1505.0191040039062,1491.204296875,0.7478150599324861,46.90488909189172,1479.4910888671875,0.1145866813303309,0
2025-07-17,1470.52685546875,1483.674296790977,1468.0368005528198,1481.4830970988435,11854613,-0.6192735592645882,1479.3515869140624,1500.8955688476562,1493.3507202148437,0.7557197179272449,36.62552547276788,1479.690185546875,0.013457105702463501,0
2025-07-18,1470.12841796875,1478.8934598804974,1463.2558421043927,1478.8934598804974,10296318,-0.027094880893763218,1475.52685546875,1495.7859619140625,1493.83876953125,0.6951437414209742,40.63925875905192,1470.52685546875,-0.6192735592645882,0
2025-07-21,1422.9169921875,1470.128458883213,1417.4388712363768,1459.1722169809668,22442744,-3.2113810742112725,1464.5507080078125,1484.540869140625,1492.434375,1.015211385123634,16.95363582647768,1470.12841796875,-0.027094880893763218,0
2025-07-22,1407.179931640625,1426.2039275426996,1405.0881881707605,1421.721828538219,20396320,-1.1059717912765832,1450.0884765625,1472.1105224609375,1490.5419372558595,1.0043081438187105,16.28498588870005,1422.9169921875,-3.2113810742112725,1
2025-07-23,1418.932861328125,1420.3273163904719,1408.7734859597779,1420.3273163904719,8354596,0.8352115762336965,1437.93701171875,1462.7080688476562,1488.4154235839844,1.1216202558712067,22.261850916996167,1407.179931640625,-1.1059717912765832,0
2025-07-24,1397.3192138671875,1417.3392306864348,1390.4466381154343,1413.554298653669,14740507,-1.5232325679389147,1423.2954833984375,1451.32353515625,1483.8138000488282,1.13775984698835,15.48270993332082,1418.932861328125,0.8352115762336965,0
2025-07-25,1386.1636962890625,1395.4267490386208,1378.593953801798,1393.3351272649268,11854722,-0.7983514051346452,1406.5025390625,1441.014697265625,1477.6533996582032,1.1131509866663751,7.7313159691170625,1397.3192138671875,-1.5232325679389147,0
2025-07-28,1382.080078125,1402.199795115413,1379.490445288333,1386.7614543919697,7748361,-0.2945985510221405,1398.33515625,1431.4429321289062,1472.0258728027343,1.120399358089543,7.722604419549029,1386.1636962890625,-0.7983514051346452,1
2025-07-29,1411.4627685546875,1414.550412474214,1377.4984422704579,1377.4984422704579,10750072,2.125975975975969,1399.1917236328125,1424.6401000976562,1466.4830078125,1.4166258318144067,22.942093807927023,1382.080078125,-0.2945985510221405,0
2025-07-30,1404.4906005859375,1417.6381639620695,1395.7256799199,1412.458776601272,7209849,-0.4939675437482083,1396.303271484375,1417.1201416015624,1461.0696228027343,1.406815520765148,22.325560773856836,1411.4627685546875,2.125975975975969,0
2025-07-31,1384.669677734375,1397.0203743336986,1376.7015020683227,1382.5780559389787,17065827,-1.4112535066659326,1393.7733642578125,1408.534423828125,1454.7149963378906,1.4355701177806997,22.57050120028609,1404.4906005859375,-0.4939675437482083,1
2025-08-01,1388.15576171875,1400.3073026227253,1378.7932525308158,1381.3828853186424,10321171,0.2517628601558686,1394.17177734375,1400.337158203125,1448.0615600585938,1.4503616617485966,25.46345146965956,1384.669677734375,-1.4112535066659326,1
2025-08-04,1405.885009765625,1410.466686507784,1386.1637261382157,1389.5502251510159,6312820,1.2771800208446038,1398.932763671875,1398.6339599609375,1441.5874145507812,1.214989606405514,31.478663546711175,1388.15576171875,0.2517628601558686,0
2025-08-05,1386.1636962890625,1405.38696851784,1382.5780415934858,1405.38696851784,9315972,-1.4027686005308682,1393.87294921875,1396.5323364257813,1434.3214294433594,1.245171512886318,28.571420580435387,1405.885009765625,1.2771800208446038,1
2025-08-06,1387.259521484375,1390.3471654369864,1377.797312271222,1386.3630773472378,5834312,0.07905453001302298,1390.4267333984376,1393.3650024414062,1428.0365356445313,1.201327534613565,30.189621743943846,1386.1636962890625,-1.4027686005308682,0
2025-08-07,1383.8729248046875,1388.1557462486337,1360.5659868045632,1382.1796145349972,9976705,-0.24412135056487427,1390.2673828125,1392.0203735351563,1421.6719543457032,1.1117922169748196,29.766390224710022,1387.259521484375,0.07905453001302298,0
2025-08-08,1362.35888671875,1391.6418351007062,1359.569976594415,1379.4904158119157,8793606,-1.5546252622128498,1385.1080078125,1389.639892578125,1415.327294921875,1.1883336038536185,33.84700743160346,1383.8729248046875,-0.24412135056487427,1
2025-08-11,1380.6856689453125,1382.4785572067015,1355.7851185633474,1364.5501609316866,9997486,1.345224258102995,1380.0681396484374,1389.5004516601562,1410.4716918945312,1.2784541168614112,43.029343809395954,1362.35888671875,-1.5546252622128498,0
2025-08-12,1374.9088134765625,1396.3232867936674,1369.7294260490362,1376.4028464986861,12244664,-0.41840482585460137,1377.8171630859374,1385.8450561523437,1405.242578125,1.0383690199949633,38.04118809202162,1380.6856689453125,1.345224258102995,1
2025-08-13,1377.0999755859375,1386.2634508216695,1372.0202877666845,1382.4785186353236,7457021,0.1593678131886156,1375.78525390625,1383.1059936523438,1400.1130676269531,1.0423619882227477,43.8596660325011,1374.9088134765625,-0.41840482585460137,0
2025-08-14,1373.800048828125,1380.699951171875,1370.0999755859375,1377.300048828125,7126128,-0.23962869917331098,1373.7706787109375,1382.0190307617188,1395.2767272949218,0.952001035928443,46.05718930458634,1377.0999755859375,0.1593678131886156,1
2025-08-18,1381.699951171875,1394.9000244140625,1377.0,1390.0,11785109,0.5750401851047249,1377.6388916015626,1381.3734497070313,1390.8553039550782,0.9696439554780109,49.88165671478433,1373.800048828125,-0.23962869917331098,1
2025-08-19,1420.0999755859375,1421.0,1389.0999755859375,1390.0,14384719,2.7791869270527236,1385.5217529296874,1382.7949462890624,1390.714453125,1.2673790950920085,52.54603341839782,1381.699951171875,0.5750401851047249,0
2025-08-20,1413.0,1424.9000244140625,1410.0,1413.0,8725641,-0.49996308062804085,1393.139990234375,1385.4785766601562,1391.0054565429687,1.1767300239225416,52.506470317083284,1420.0999755859375,2.7791869270527236,1
2025-08-21,1424.800048828125,1431.9000244140625,1420.300048828125,1425.0,11021323,0.835106074177272,1402.6800048828125,1389.2326293945312,1391.2988159179688,1.1924142518196792,62.40676471875816,1413.0,-0.49996308062804085,0
2025-08-22,1409.199951171875,1423.4000244140625,1407.9000244140625,1420.0,5818868,-1.0948973274587437,1409.7599853515626,1391.76533203125,1391.8928527832031,1.2617991750644075,56.0526840585572,1424.800048828125,0.835106074177272,1
2025-08-25,1412.5999755859375,1419.5,1405.699951171875,1414.699951171875,5979407,0.24127338432242684,1415.939990234375,1396.7894409179687,1393.214666748047,1.104058349410564,52.104839036768965,1409.199951171875,-1.0948973274587437,0
2025-08-26,1384.9000244140625,1410.0,1381.5999755859375,1408.0,12145259,-1.960919697764063,1408.9,1397.2108764648438,1393.3556640625,1.2626193414345628,49.622764720630165,1412.5999755859375,0.24127338432242684,1
2025-08-28,1385.9000244140625,1392.199951171875,1366.5,1389.9000244140625,13161813,0.07220737832127622,1403.4800048828124,1398.3099975585938,1392.0775268554687,1.2524216486804587,49.593926360549055,1384.9000244140625,-1.960919697764063,0
2025-08-29,1357.199951171875,1403.5,1350.0,1381.0999755859375,18758842,-2.070861731481788,1389.9599853515624,1396.3199951171875,1389.7129943847656,1.4247548808714325,43.07946367545866,1385.9000244140625,0.07220737832127622,0
2025-09-01,1353.9000244140625,1363.199951171875,1340.5999755859375,1356.0,11232238,-0.2431422691227758,1378.9,1394.3299926757813,1388.17451171875,1.4247836143753887,47.57618431003014,1357.199951171875,-2.070861731481788,1
2025-09-02,1366.5,1384.5,1354.5,1354.800048828125,11517006,0.9306429838784158,1369.6800048828125,1392.8099975585938,1387.0917236328125,1.44875711586052,45.797285734228204,1353.9000244140625,-0.2431422691227758,1
2025-09-03,1372.5999755859375,1376.5,1360.5,1369.699951171875,7847563,0.4463941153265649,1367.2199951171874,1388.0599975585938,1385.427471923828,1.072349861357561,49.317279745652954,1366.5,0.9306429838784158,0
2025-09-04,1359.300048828125,1374.0,1357.0999755859375,1371.800048828125,13223177,-0.9689586911244885,1361.9,1382.6900024414062,1384.0842895507812,1.0904968751845103,45.061058923707336,1372.5999755859375,0.4463941153265649,1
2025-09-05,1375.0,1381.0,1359.300048828125,1363.0,5777575,1.1550026195769059,1365.460009765625,1377.7099975585938,1383.4713134765625,1.1339708746743935,50.31151404063183,1359.300048828125,-0.9689586911244885,1
2025-09-08,1378.5,1386.0,1372.4000244140625,1380.0,6986720,0.25454545454546285,1370.3800048828125,1374.6400024414063,1383.2026672363281,1.1155314549209023,49.149853346945704,1375.0,1.1550026195769059,0
2025-09-09,1376.199951171875,1381.199951171875,1368.699951171875,1376.5999755859375,9754452,-0.16685156533369216,1372.3199951171875,1371.0,1383.8947204589845,1.1044191458382646,35.56869445739697,1378.5,0.25454545454546285,1
2025-09-10,1377.0,1388.5,1374.0999755859375,1383.9000244140625,7790815,0.05813463570054633,1373.2,1370.2099975585938,1383.7104370117188,0.9284809608324258,37.65432512219586,1376.199951171875,-0.16685156533369216,1
2025-09-11,1383.300048828125,1385.5,1375.0,1376.0,9766072,0.45751988584785686,1378.0,1369.95,1384.1299987792968,0.9421619128297587,35.21026886781782,1377.0,0.05813463570054633,1
2025-09-12,1395.0,1396.300048828125,1380.5,1383.300048828125,7403368,0.8457999536533478,1382.0,1373.7300048828124,1385.025,0.636947961964823,44.7947355797628,1383.300048828125,0.45751988584785686,1
2025-09-15,1399.300048828125,1400.800048828125,1388.5999755859375,1393.0,5396697,0.30824722782258895,1386.160009765625,1378.2700073242188,1386.3,0.6102322324609244,45.156615494313904,1395.0,0.8457999536533478,1
2025-09-16,1405.300048828125,1408.0,1398.199951171875,1404.699951171875,8686961,0.4287858065198158,1391.980029296875,1382.1500122070313,1387.4800048828124,0.5751624161323944,58.82354183496217,1399.300048828125,0.30824722782258895,1
2025-09-17,1413.800048828125,1416.199951171875,1406.9000244140625,1407.0,7519417,0.6048530352708692,1399.3400390625,1386.27001953125,1387.1650085449219,0.5823370283234108,61.33226236693491,1405.300048828125,0.4287858065198158,1
2025-09-18,1415.0,1422.0,1410.699951171875,1420.4000244140625,9332642,0.08487417813216602,1405.680029296875,1391.8400146484375,1387.2650085449218,0.3918397396098382,80.23019738135795,1413.800048828125,0.6048530352708692,0
2025-09-19,1407.4000244140625,1417.0,1403.5999755859375,1414.9000244140625,13461373,-0.5371007481227874,1408.1600341796875,1395.0800170898438,1386.3950073242188,0.39638840514040524,76.77680295217381,1415.0,0.08487417813216602,0
2025-09-22,1390.5999755859375,1410.699951171875,1388.0,1403.9000244140625,7757970,-1.1936939417859782,1406.42001953125,1396.2900146484376,1385.4650085449218,0.6001774506774665,61.57539924975404,1407.4000244140625,-0.5371007481227874,0
2025-09-23,1389.800048828125,1395.0,1376.800048828125,1391.0,14014702,-0.05752385818038608,1403.32001953125,1397.6500244140625,1384.3250122070312,0.5959789596993058,58.70449695997747,1390.5999755859375,-1.1936939417859782,0
2025-09-24,1383.0,1396.0,1380.4000244140625,1385.300048828125,5922759,-0.48928252908457814,1397.160009765625,1398.2500244140624,1384.2300109863281,0.6246991766381714,62.83853663826737,1389.800048828125,-0.05752385818038608,0
2025-09-25,1372.4000244140625,1384.5,1369.0,1381.300048828125,11411143,-0.7664479816296144,1388.6400146484375,1397.1600219726563,1383.5550109863282,0.6541588181249154,48.509189562997044,1383.0,-0.48928252908457814,1
2025-09-26,1377.5999755859375,1382.699951171875,1366.0,1372.0,9879109,0.3788947157804978,1382.6800048828125,1395.42001953125,1384.5750122070312,0.5949467754168152,49.49379968116177,1372.4000244140625,-0.7664479816296144,0
2025-09-29,1372.800048828125,1389.0,1368.0,1381.5999755859375,14231999,-0.3484267452727674,1379.12001953125,1392.77001953125,1385.5200134277343,0.5779536245059467,48.14009519891873,1377.5999755859375,0.3788947157804978,0
2025-09-30,1364.0,1377.0999755859375,1362.800048828125,1377.0999755859375,14604684,-0.641029175052632,1373.960009765625,1388.6400146484375,1385.3950134277343,0.5490810315126763,43.460758162999646,1372.800048828125,-0.3484267452727674,1
2025-10-01,1368.699951171875,1378.5999755859375,1362.699951171875,1367.0,12045916,0.34457120028408283,1371.1,1384.1300048828125,1385.2000122070312,0.5060935603859836,42.53572248794273,1364.0,-0.641029175052632,0
2025-10-03,1363.4000244140625,1371.5999755859375,1356.9000244140625,1363.199951171875,12842347,-0.3872234198061264,1369.3,1378.9700073242188,1385.405010986328,0.4854675231483354,32.71331971947801,1368.699951171875,0.34457120028408283,1
2025-10-06,1375.0,1377.4000244140625,1359.0,1360.0,12396580,0.8508123352075403,1368.7800048828126,1375.7300048828124,1385.405010986328,0.613747901757149,37.6899083294993,1363.4000244140625,-0.3872234198061264,1
2025-10-07,1384.800048828125,1395.9000244140625,1375.9000244140625,1376.0,11244040,0.7127308238636276,1371.1800048828125,1375.1500122070313,1385.7200134277343,0.576419313201625,39.99997618134571,1375.0,0.8508123352075403,0
2025-10-08,1367.4000244140625,1389.0,1364.5,1384.800048828125,8525081,-1.2565008521473686,1371.860009765625,1372.910009765625,1385.2800170898438,0.6932567555787339,29.17409518215797,1384.800048828125,0.7127308238636276,1
2025-10-09,1377.800048828125,1380.0,1369.0999755859375,1374.0,8826633,0.760569272222944,1373.680029296875,1372.3900146484375,1385.32001953125,0.7385216134261545,34.577115938596336,1367.4000244140625,-1.2565008521473686,1
2025-10-10,1381.699951171875,1388.0,1375.0999755859375,1377.800048828125,6373084,0.2830528527754783,1377.3400146484375,1373.3200073242188,1385.2400146484374,0.6964317058006718,39.007646899731945,1377.800048828125,0.760569272222944,0
2025-10-13,1375.0,1377.699951171875,1367.800048828125,1376.9000244140625,7600682,-0.484906376828953,1377.3400146484375,1373.060009765625,1384.2400146484374,0.7073113122560958,42.696618939471,1381.699951171875,0.2830528527754783,1
2025-10-14,1375.9000244140625,1388.0,1370.0999755859375,1380.0,9768174,0.06545632102272769,1375.560009765625,1373.3700073242187,1383.0700134277345,0.6977843460653089,43.49857203704824,1375.0,-0.484906376828953,0
2025-10-15,1374.300048828125,1384.0,1372.699951171875,1383.0,10882743,-0.11628574442528183,1376.9400146484375,1374.4000122070313,1381.5200134277343,0.6609099018800489,45.72272554865783,1375.9000244140625,0.06545632102272769,1
2025-10-16,1398.300048828125,1400.5,1375.0,1375.0999755859375,12315932,1.7463435310553166,1381.0400146484376,1377.3600219726563,1380.7450134277344,0.8465088956697879,61.251122869199925,1374.300048828125,-0.11628574442528183,1
2025-10-17,1416.800048828125,1423.300048828125,1399.0999755859375,1401.0,19335561,1.3230350678671732,1388.0600341796876,1382.7000244140625,1380.8350158691405,0.8827696399829822,65.26485215111265,1398.300048828125,1.7463435310553166,1
2025-10-20,1466.800048828125,1473.800048828125,1433.300048828125,1440.0,24721978,3.5290794944111026,1406.4200439453125,1391.880029296875,1383.8050170898437,1.3310858803416556,77.07375556383735,1416.800048828125,1.3230350678671732,0
2025-10-21,1465.199951171875,1474.0,1460.0,1468.0,2066169,-0.10908764678105864,1424.280029296875,1399.92001953125,1387.5350158691406,1.352410682400388,80.40865702036756,1466.800048828125,3.5290794944111026,0
2025-10-23,1448.4000244140625,1482.9000244140625,1444.5999755859375,1475.0,18707090,-1.1465961860274265,1439.1000244140625,1408.02001953125,1390.4650146484375,1.3362312354414183,72.32496575532168,1465.199951171875,-0.10908764678105864,1
2025-10-24,1451.5999755859375,1459.800048828125,1441.0,1450.0,9700837,0.22093006889927214,1449.760009765625,1415.4000122070313,1393.8950134277343,1.339249284946784,75.0,1448.4000244140625,-1.1465961860274265,1
2025-10-27,1484.0999755859375,1485.0,1458.0,1463.0,14113867,2.2389088279559433,1463.2199951171874,1425.6400146484375,1399.4800109863281,1.4381637909770477,77.64825547042872,1451.5999755859375,0.22093006889927214,1
2025-10-28,1486.9000244140625,1492.0,1477.5999755859375,1484.0999755859375,17631577,0.18866982509178065,1467.239990234375,1436.8300170898438,1404.9450134277345,1.3900826632381826,76.82606801942606,1484.0999755859375,2.2389088279559433,1
2025-10-29,1504.199951171875,1508.300048828125,1488.0999755859375,1490.0,11884745,1.1634895738622308,1475.039990234375,1449.660009765625,1411.5150085449218,1.3693488980660016,85.96215816912337,1486.9000244140625,0.18866982509178065,0
2025-10-30,1488.5,1503.0999755859375,1484.0,1500.0,9318663,-1.043740970716267,1483.0599853515625,1461.0800048828125,1417.740008544922,1.4735618800082992,78.31204332845884,1504.199951171875,1.1634895738622308,0
2025-10-31,1486.4000244140625,1497.5,1482.300048828125,1490.4000244140625,8758053,-0.14107998561890822,1490.0199951171876,1469.8900024414063,1423.6250122070312,1.4612856957150562,77.02637212635076,1488.5,-1.043740970716267,0
2025-11-01 19:28:41,2561.08
2025-11-01 19:29:11,2732.64
2025-11-01 19:29:41,2632.59
2025-11-01 19:30:11,2605.52
2025-11-01 19:30:41,2544.44
2025-11-01 19:31:11,2536.35
2025-11-01 19:31:42,2554.47
2025-11-01 19:32:12,2554.52
2025-11-01 19:32:42,2546.74
2025-11-01 19:33:12,2559.09
2025-11-01 19:33:42,2618.76
2025-11-01 19:34:12,2719.21
2025-11-01 19:34:42,2687.31
2025-11-01 19:35:12,2536.06
2025-11-01 19:35:42,2768.04
2025-11-01 19:36:12,2775.55
2025-11-01 19:36:42,2645.36
2025-11-01 19:37:12,2650.65
2025-11-01 19:37:42,2632.82
2025-11-01 19:38:12,2561.44
2025-11-01 19:38:42,2796.8
2025-11-01 19:39:12,2697.91
2025-11-01 19:39:42,2603.55
2025-11-01 19:40:12,2676.74
2025-11-01 19:40:42,2594.24
2025-11-01 19:41:12,2561.66
2025-11-01 19:41:42,2520.05
2025-11-01 19:42:12,2660.1
2025-11-01 19:42:42,2745.51
2025-11-01 19:43:12,2683.43
2025-11-01 19:43:42,2740.25
2025-11-01 19:44:12,2741.68
2025-11-01 19:44:42,2508.81
2025-11-01 19:45:12,2622.96
2025-11-01 19:45:42,2525.1
2025-11-01 19:46:12,2629.75
2025-11-01 19:46:42,2588.77
2025-11-01 19:47:12,2513.98
2025-11-01 19:47:42,2788.7
2025-11-01 19:48:12,2610.12
2025-11-01 19:48:42,2558.39
2025-11-01 19:49:12,2639.14
2025-11-01 19:49:42,2549.87
2025-11-01 19:50:12,2650.91
2025-11-01 19:50:42,2765.99
2025-11-01 19:51:12,2650.57
2025-11-01 19:51:42,2758.31
2025-11-01 19:52:12,2787.01
2025-11-01 19:52:42,2550.76
2025-11-01 19:53:12,2710.47
2025-11-01 19:53:42,2545.07
2025-11-01 19:54:12,2740.26
2025-11-01 19:54:42,2651.1
2025-11-01 19:55:12,2636.41
2025-11-01 19:55:42,2552.8
2025-11-01 19:56:12,2590.12
2025-11-01 19:56:42,2607.59
2025-11-01 19:57:12,2502.88
2025-11-01 19:57:42,2511.77
2025-11-01 19:58:12,2520.74
2025-11-01 19:58:42,2520.89
2025-11-01 19:59:12,2625.87
2025-11-01 19:59:42,2587.65
2025-11-01 20:00:12,2773.39
2025-11-01 20:00:42,2746.23
2025-11-01 20:01:12,2591.26
2025-11-01 20:01:42,2670.8
2025-11-01 20:02:12,2596.52
2025-11-01 20:02:42,2510.06
2025-11-01 20:03:12,2710.28
2025-11-01 20:03:42,2537.38
2025-11-01 20:04:12,2766.24
2025-11-01 20:04:42,2638.92
2025-11-01 20:05:12,2665.25
2025-11-01 20:05:42,2758.17
2025-11-01 20:06:12,2563.06
2025-11-01 20:06:42,2579.72
2025-11-01 20:07:12,2768.96
2025-11-01 20:07:42,2756.86
2025-11-01 20:08:12,2590.37
2025-11-01 20:08:42,2551.42
2025-11-01 20:09:12,2746.45
2025-11-01 20:09:42,2714.13
2025-11-01 20:10:12,2569.2
2025-11-01 20:10:42,2513.58
2025-11-01 20:11:12,2630.03
2025-11-01 20:11:42,2725.1
2025-11-01 20:12:12,2558.87
2025-11-01 20:12:42,2558.21
2025-11-01 20:13:12,2601.84
2025-11-01 20:13:42,2698.19
2025-11-01 20:14:12,2735.02
2025-11-01 20:14:42,2742.55
2025-11-01 20:15:12,2749.7
2025-11-01 20:15:42,2701.54
2025-11-01 20:16:12,2611.4
2025-11-01 20:16:42,2644.98
2025-11-01 20:17:12,2585.56
2025-11-01 20:17:42,2652.82
2025-11-01 20:18:12,2527.78
2025-11-01 20:18:42,2681.84
2025-11-01 20:19:12,2633.59
2025-11-01 20:19:42,2588.63
2025-11-01 20:20:12,2649.58
2025-11-01 20:20:42,2595.02
2025-11-01 20:21:12,2772.77
2025-11-01 20:21:42,2715.64
2025-11-01 20:22:12,2622.4
2025-11-01 20:22:42,2652.12
2025-11-01 20:23:12,2530.13
2025-11-01 20:23:42,2602.73
2025-11-01 20:24:12,2709.64
2025-11-01 20:24:42,2621.92
2025-11-01 20:25:12,2798.55
2025-11-01 20:25:42,2510.65
2025-11-01 20:26:12,2566.78
2025-11-01 20:26:42,2670.01
2025-11-01 20:27:12,2678.15
2025-11-01 20:27:42,2572.39
2025-11-01 20:28:12,2605.44
2025-11-01 20:28:42,2732.38
2025-11-01 20:29:12,2776.3
2025-11-01 20:29:42,2652.88
2025-11-01 20:30:12,2626.43
2025-11-01 20:30:42,2658.63
2025-11-01 20:31:12,2754.05
2025-11-01 20:31:42,2725.82
2025-11-01 20:32:12,2743.92
2025-11-01 20:32:42,2764.84
